Date,Name,Year,Letterboxd URI,Rating,Rewatch,Tags,Watched Date
2019-06-21,After Meredith,2019,https://boxd.it/JYZPJ,,,,2019-03-28
2019-04-15,A Clockwork Orange,1971,https://boxd.it/GLx2L,4,,,2019-04-14
2019-04-15,"Good Bye, Lenin!",2003,https://boxd.it/GLQwb,3.5,,,2019-04-14
2019-04-15,Inglourious Basterds,2009,https://boxd.it/GMSlh,5,Yes,,2019-04-14
2019-04-15,Notting Hill,1999,https://boxd.it/GNcfN,4,,,2019-04-14
2019-04-16,Argo,2012,https://boxd.it/GPn83,4.5,Yes,,2019-04-15
2019-04-16,Flight,2012,https://boxd.it/GPEXd,3.5,Yes,,2019-04-15
2019-04-17,Hot Rod,2007,https://boxd.it/GRVsb,4.5,Yes,,2019-04-16
2019-04-20,Star Wars: The Last Jedi,2017,https://boxd.it/H07mP,3,Yes,,2019-04-19
2019-04-20,Steve Jobs,2015,https://boxd.it/H0OpR,5,Yes,,2019-04-19
2019-04-21,Popstar: Never Stop Never Stopping,2016,https://boxd.it/H47NT,4.5,,,2019-04-20
2019-04-22,Nacho Libre,2006,https://boxd.it/H6mr3,4,Yes,,2019-04-21
2019-04-22,The Hitchhiker's Guide to the Galaxy,2005,https://boxd.it/H73sj,4.5,Yes,,2019-04-21
2019-04-26,Avengers: Endgame,2019,https://boxd.it/Hh1k3,4,,,2019-04-24
2019-04-26,John Mulaney: Kid Gorgeous at Radio City,2018,https://boxd.it/Hj939,4,,,2019-04-25
2019-04-27,John Mulaney: New in Town,2012,https://boxd.it/HmrFh,4,,,2019-04-26
2019-04-28,John Mulaney: The Comeback Kid,2015,https://boxd.it/HosWn,4,,,2019-04-27
2019-05-05,Say Anything...,1989,https://boxd.it/HLB3n,3.5,,,2019-05-05
2019-05-07,Freaks and Geeks: The Documentary,2018,https://boxd.it/HRfED,4,,,2019-05-06
2019-05-08,Pineapple Express,2008,https://boxd.it/HTFHx,2.5,Yes,,2019-05-07
2019-05-12,Scott Pilgrim vs. the World,2010,https://boxd.it/I2XdN,4,Yes,,2019-05-09
2019-05-12,District 9,2009,https://boxd.it/I2XhZ,3.5,Yes,,2019-05-10
2019-05-12,Pokémon Detective Pikachu,2019,https://boxd.it/I2Xk5,4,,,2019-05-11
2019-05-12,Ant-Man,2015,https://boxd.it/I4qkF,4.5,Yes,,2019-05-11
2019-05-13,Dan in Real Life,2007,https://boxd.it/I7f7r,3,Yes,,2019-05-12
2019-05-13,The Hateful Eight,2015,https://boxd.it/I7B7N,4,,,2019-05-12
2019-05-14,"Extremely Wicked, Shockingly Evil and Vile",2019,https://boxd.it/I9UIx,3,,,2019-05-13
2019-05-16,Spider-Man: Homecoming,2017,https://boxd.it/IdqQ5,4,Yes,,2019-05-14
2019-05-16,Pokémon Detective Pikachu,2019,https://boxd.it/Iftsf,4,Yes,,2019-05-15
2019-05-16,Interstellar: Nolan's Odyssey,2014,https://boxd.it/IfD0l,,,,2019-05-15
2019-05-18,The Dark Knight,2008,https://boxd.it/IiWf1,5,Yes,,2019-05-16
2019-05-20,The Dark Knight Rises,2012,https://boxd.it/IscKn,5,Yes,,2019-05-19
2019-05-23,Game Night,2018,https://boxd.it/IAebv,2.5,,,2019-05-22
2019-05-25,Room 237,2012,https://boxd.it/IE0d1,1.5,,,2019-05-24
2019-05-25,The Lonely Island Presents: The Unauthorized Bash Brothers Experience,2019,https://boxd.it/IEp4j,,,,2019-05-24
2019-05-25,Chernobyl,2019,https://boxd.it/IFKEz,5,,,2019-05-24
2019-05-26,Signs,2002,https://boxd.it/II7BH,3.5,Yes,,2019-05-25
2019-05-26,Sleeping with Other People,2015,https://boxd.it/IIGvp,3.5,Yes,,2019-05-25
2019-05-26,(500) Days of Summer,2009,https://boxd.it/IJ7Pr,5,Yes,,2019-05-25
2019-05-26,Hot Rod,2007,https://boxd.it/IJNFX,4.5,Yes,,2019-05-25
2019-05-27,The Fighter,2010,https://boxd.it/ILEAN,4,Yes,,2019-05-26
2019-05-27,I Am Chris Farley,2015,https://boxd.it/IN8rD,3,,,2019-05-26
2019-05-28,The Terminator,1984,https://boxd.it/IOFsB,3.5,,,2019-05-27
2019-05-28,Men in Black 3,2012,https://boxd.it/IPa4l,3,,,2019-05-27
2019-05-31,The Case Against Adnan Syed,2019,https://boxd.it/IZTzX,2,,,2019-05-30
2019-06-02,The Red Balloon,1956,https://boxd.it/J42T1,5,,,2019-06-01
2019-06-02,Shazam!,2019,https://boxd.it/J4osL,3.5,,,2019-06-01
2019-06-02,Apollo 11,2019,https://boxd.it/J4IVj,5,,,2019-06-01
2019-06-02,Always Be My Maybe,2019,https://boxd.it/J677F,2.5,,,2019-06-01
2019-06-02,Chernobyl.3828,2011,https://boxd.it/J6jxZ,4,,,2019-06-02
2019-06-03,Fight Club,1999,https://boxd.it/J7Vlz,4.5,,,2019-06-02
2019-06-04,Chernobyl,2019,https://boxd.it/Jc1Sx,5,,,2019-06-03
2019-06-05,John Wick: Chapter 2,2017,https://boxd.it/Jejlv,3.5,,,2019-06-04
2019-06-05,Her,2013,https://boxd.it/JeuDl,3.5,,,2019-06-04
2019-06-05,Slumdog Millionaire,2008,https://boxd.it/JeLX3,5,Yes,,2019-06-04
2019-06-06,Black Mirror: Striking Vipers,2019,https://boxd.it/JhAIx,,,,2019-06-05
2019-06-06,Black Mirror: Smithereens,2019,https://boxd.it/JhPb9,3,,,2019-06-05
2019-06-07,"Black Mirror: Rachel, Jack and Ashley Too",2019,https://boxd.it/JkicJ,,,,2019-06-06
2019-06-07,Black Mirror: USS Callister,2017,https://boxd.it/Jksrp,4,,,2019-06-06
2019-06-08,Black Mirror: Shut Up and Dance,2016,https://boxd.it/JmXdn,,,,2019-06-07
2019-06-08,Ex Machina,2015,https://boxd.it/JnwDv,4.5,Yes,,2019-06-07
2019-06-09,2001: A Space Odyssey,1968,https://boxd.it/JprsL,5,Yes,,2019-06-08
2019-06-09,Black Mirror: White Christmas,2014,https://boxd.it/Jriax,3,,,2019-06-09
2019-06-10,Black Mirror: The Waldo Moment,2013,https://boxd.it/Jt7kF,,,,2019-06-09
2019-06-10,John Wick: Chapter 3 – Parabellum,2019,https://boxd.it/Ju6dP,4.5,,,2019-06-09
2019-06-11,Black Mirror: White Bear,2013,https://boxd.it/JvsEF,,,,2019-06-10
2019-06-11,A Trip to the Moon,1902,https://boxd.it/JwHlv,,,,2019-06-10
2019-06-12,Won't You Be My Neighbor?,2018,https://boxd.it/JAj31,4.5,,,2019-06-11
2019-06-15,Daft Punk Unchained,2015,https://boxd.it/JITiR,4,,,2019-06-14
2019-06-16,Saving Private Ryan,1998,https://boxd.it/JM9lX,5,Yes,,2019-06-15
2019-06-17,My Dog Skip,2000,https://boxd.it/JPMsf,4.5,Yes,,2019-06-16
2019-06-18,BlacKkKlansman,2018,https://boxd.it/JSuLJ,4,,,2019-06-17
2019-06-20,The Empire Strikes Back,1980,https://boxd.it/JXKRD,5,Yes,,2019-06-19
2019-06-21,Rogue One: A Star Wars Story,2016,https://boxd.it/K0Eu5,5,Yes,,2019-06-20
2019-06-22,Jo Koy: Comin' in Hot,2019,https://boxd.it/K3T8J,,,,2019-06-22
2019-06-24,The Edge of Seventeen,2016,https://boxd.it/Katw5,4,Yes,,2019-06-23
2019-06-27,Spider-Man: Into the Spider-Verse,2018,https://boxd.it/Kj40V,4.5,Yes,,2019-06-26
2019-06-28,Interstellar,2014,https://boxd.it/KlND3,5,Yes,,2019-06-27
2019-06-29,Toy Story 4,2019,https://boxd.it/Kp6bN,3.5,,,2019-06-29
2019-07-06,Kick-Ass,2010,https://boxd.it/KKMVZ,3.5,Yes,,2019-07-05
2019-09-17,Borat: Cultural Learnings of America for Make Benefit Glorious Nation of Kazakhstan,2006,https://boxd.it/OyREV,,Yes,,2019-07-06
2019-07-07,The Mule,2018,https://boxd.it/KP27T,3.5,,,2019-07-07
2019-07-10,The Lego Movie 2: The Second Part,2019,https://boxd.it/KXFL5,3.5,,,2019-07-09
2019-07-10,Edge of Tomorrow,2014,https://boxd.it/KY1iT,4,Yes,,2019-07-09
2019-07-10,Big Daddy,1999,https://boxd.it/KYijf,4,Yes,,2019-07-09
2019-07-12,The World's End,2013,https://boxd.it/L3YHD,4,Yes,,2019-07-11
2019-07-12,Yesterday,2019,https://boxd.it/L4E5r,4,,,2019-07-11
2019-07-13,Aziz Ansari: Right Now,2019,https://boxd.it/L7CSd,4,,,2019-07-13
2019-07-14,Spider-Man: Far From Home,2019,https://boxd.it/L9p9N,4.5,,,2019-07-13
2019-07-14,Us,2019,https://boxd.it/LaOFB,3,,,2019-07-14
2019-07-16,Logan Lucky,2017,https://boxd.it/LhoOh,4.5,Yes,,2019-07-15
2019-07-17,Masterminds,2016,https://boxd.it/LkLMf,2.5,Yes,,2019-07-16
2019-07-17,"Frankenstein's Monster's Monster, Frankenstein",2019,https://boxd.it/LkLOb,1.5,,,2019-07-16
2019-07-19,Top Gun,1986,https://boxd.it/LqxpN,4,Yes,,2019-07-18
2019-07-20,The Lion King,2019,https://boxd.it/LtIWp,4,,,2019-07-19
2019-07-21,Star Trek,2009,https://boxd.it/LvqQR,5,Yes,,2019-07-20
2019-07-21,Star Trek Into Darkness,2013,https://boxd.it/LxbbX,5,Yes,,2019-07-21
2019-07-22,Mission: Impossible – Fallout,2018,https://boxd.it/LyZNJ,4.5,Yes,,2019-07-21
2019-07-22,The Right Stuff,1983,https://boxd.it/LAjfT,4,Yes,,2019-07-21
2019-07-22,First Man,2018,https://boxd.it/LAN9h,3.5,Yes,,2019-07-21
2019-07-24,Raiders of the Lost Ark,1981,https://boxd.it/LGPKV,4.5,Yes,,2019-07-23
2019-07-27,Once Upon a Time... in Hollywood,2019,https://boxd.it/LQdzv,5,,,2019-07-26
2019-07-28,Inglourious Basterds,2009,https://boxd.it/LTHpB,5,Yes,,2019-07-27
2019-07-28,Once Upon a Time... in Hollywood,2019,https://boxd.it/LTHu7,5,Yes,,2019-07-27
2019-07-29,Pulp Fiction,1994,https://boxd.it/LXDjH,4,Yes,,2019-07-28
2019-08-05,Fast & Furious Presents: Hobbs & Shaw,2019,https://boxd.it/MkNKz,2.5,,,2019-08-04
2019-08-07,Billy Madison,1995,https://boxd.it/MqsPF,3.5,Yes,,2019-08-06
2019-08-09,The Fast and the Furious,2001,https://boxd.it/MvuUR,3,Yes,,2019-08-08
2019-08-09,Pokémon the Movie: I Choose You!,2017,https://boxd.it/MwryF,,Yes,,2019-08-08
2019-08-11,Batman Begins,2005,https://boxd.it/MCWdb,5,Yes,,2019-08-10
2019-08-12,2 Fast 2 Furious,2003,https://boxd.it/MF9ZB,1.5,Yes,,2019-08-11
2019-08-12,The Fast and the Furious: Tokyo Drift,2006,https://boxd.it/MFDGT,2,,,2019-08-11
2019-08-15,The Dark Knight,2008,https://boxd.it/MQFGN,5,Yes,,2019-08-14
2019-08-17,Superbad,2007,https://boxd.it/MXmLN,3.5,Yes,,2019-08-16
2019-08-17,The Dark Knight Rises,2012,https://boxd.it/MXwdB,5,Yes,,2019-08-16
2019-08-19,Once Upon a Time... in Hollywood,2019,https://boxd.it/N29JT,5,Yes,,2019-08-17
2019-08-20,Captain Phillips,2013,https://boxd.it/N8cLP,3.5,Yes,,2019-08-19
2019-08-21,Hot Fuzz,2007,https://boxd.it/NaVwz,5,Yes,,2019-08-20
2019-08-29,Dunkirk,2017,https://boxd.it/NBwwD,5,Yes,,2019-08-29
2019-09-07,Dave Chappelle: Sticks & Stones,2019,https://boxd.it/O2FwL,4,,,2019-09-06
2019-09-07,Dave Chappelle: Sticks & Stones,2019,https://boxd.it/O2Fyd,4,,,2019-09-06
2019-09-07,Limitless,2011,https://boxd.it/O4jHr,3,Yes,,2019-09-06
2019-09-08,Gran Torino,2008,https://boxd.it/O5AK5,4.5,Yes,,2019-09-07
2019-09-14,Kill Bill: Vol. 1,2003,https://boxd.it/Oqvjl,5,,,2019-09-13
2019-09-14,Kill Bill: Vol. 2,2004,https://boxd.it/OqTI5,4,,,2019-09-13
2019-09-15,Kill Bill: Vol. 1,2003,https://boxd.it/OsLWx,5,Yes,,2019-09-14
2019-09-15,The Martian,2015,https://boxd.it/OufK9,5,Yes,,2019-09-14
2019-09-16,Kill Bill: The Whole Bloody Affair,2006,https://boxd.it/OybNB,5,,,2019-09-15
2019-09-17,Django Unchained,2012,https://boxd.it/OAUNl,4.5,,,2019-09-16
2019-09-18,Jackie Brown,1997,https://boxd.it/OCPNp,3.5,,,2019-09-17
2019-09-18,Django Unchained,2012,https://boxd.it/ODpMR,4.5,Yes,,2019-09-17
2019-09-23,Between Two Ferns: The Movie,2019,https://boxd.it/OSX2j,1,,,2019-09-22
2019-09-24,A Quiet Place,2018,https://boxd.it/OVrRb,4,Yes,,2019-09-23
2019-09-24,Inglourious Basterds,2009,https://boxd.it/OWljf,5,Yes,,2019-09-23
2019-09-24,True Grit,2010,https://boxd.it/OX9ef,4.5,,,2019-09-23
2019-09-24,The 24 Hour War,2016,https://boxd.it/OXmHp,,,,2019-09-23
2019-09-26,See Spot Run,2001,https://boxd.it/P2Lnf,2.5,Yes,,2019-09-25
2019-10-04,"Papers, Please - The Short Film",2018,https://boxd.it/Ps13v,4,Yes,,2019-10-03
2019-10-05,Joker,2019,https://boxd.it/PvVmp,2,,,2019-10-04
2019-10-06,What If,2013,https://boxd.it/PAOmx,3,,,2019-10-06
2019-10-07,The Brady Bunch Movie,1995,https://boxd.it/PDzd7,3,Yes,,2019-10-06
2019-10-09,The IT Crowd: The Internet Is Coming,2013,https://boxd.it/PMkcB,4,Yes,,2019-10-08
2019-10-12,North Korean Labor Camps,2011,https://boxd.it/PUNEv,4.5,Yes,,2019-10-11
2019-10-12,El Camino: A Breaking Bad Movie,2019,https://boxd.it/PWGEd,3,,,2019-10-11
2019-10-16,El Camino: A Breaking Bad Movie,2019,https://boxd.it/Qb06t,3,Yes,,2019-10-14
2019-10-20,Peluca,2003,https://boxd.it/Qp495,,Yes,,2019-10-19
2019-10-21,Constantine,2005,https://boxd.it/QwkbZ,,,,2019-10-20
2019-10-28,The Social Network,2010,https://boxd.it/QTNwD,5,Yes,,2019-10-27
2019-10-28,The Final Countdown,1980,https://boxd.it/QVh1x,,,,2019-10-27
2019-10-29,Runaway,2010,https://boxd.it/QYfz9,,,,2019-10-28
2019-11-02,Once Upon a Time... in Hollywood,2019,https://boxd.it/RecKF,5,Yes,"70mm, cinerama",2019-11-01
2019-11-06,Hot Fuzz,2007,https://boxd.it/RtDMj,5,Yes,,2019-11-05
2019-11-07,Inglourious Basterds,2009,https://boxd.it/RwUlv,5,Yes,,2019-11-06
2019-11-07,Step Brothers,2008,https://boxd.it/Rx83F,4,Yes,,2019-11-06
2019-11-08,Interstellar,2014,https://boxd.it/RANSl,5,Yes,,2019-11-07
2019-11-14,Zombieland: Double Tap,2019,https://boxd.it/RXbxF,3.5,,,2019-11-13
2019-11-18,Star Wars: Episode II – Attack of the Clones,2002,https://boxd.it/Sc0qX,,,,2019-11-17
2019-11-18,Return of the Jedi,1983,https://boxd.it/Sc0tn,,,,2019-11-17
2019-11-21,The Interview,2014,https://boxd.it/SlSaH,4,Yes,,2019-11-20
2019-11-24,Once Upon a Time... in Hollywood,2019,https://boxd.it/Sx4Vx,5,Yes,,2019-11-23
2019-11-28,Interstellar,2014,https://boxd.it/SNcB3,5,Yes,,2019-11-27
2019-11-29,Elf,2003,https://boxd.it/SPVc7,,Yes,,2019-11-28
2019-11-29,Pokémon Detective Pikachu,2019,https://boxd.it/SQd8n,3.5,Yes,,2019-11-28
2019-12-01,Kill Bill: Vol. 1,2003,https://boxd.it/SWs6X,5,Yes,,2019-11-30
2019-12-14,Kill Bill: Vol. 2,2004,https://boxd.it/TMxPH,4,Yes,,2019-11-30
2019-12-03,The Irishman,2019,https://boxd.it/T7AhV,4.5,,,2019-12-02
2019-12-07,National Lampoon's Christmas Vacation,1989,https://boxd.it/TmROR,4,Yes,,2019-12-07
2019-12-08,The Princess Bride,1987,https://boxd.it/ToFrb,4,,,2019-12-07
2019-12-08,Casino Royale,2006,https://boxd.it/Tq625,4,Yes,,2019-12-07
2019-12-08,Quantum of Solace,2008,https://boxd.it/TqCzv,4.5,Yes,,2019-12-07
2019-12-12,Once Upon a Time... in Hollywood,2019,https://boxd.it/TH8zp,5,Yes,,2019-12-11
2019-12-14,Return of the Jedi,1983,https://boxd.it/TO5kP,5,Yes,,2019-12-13
2019-12-15,Slumdog Millionaire,2008,https://boxd.it/TSXjz,5,Yes,,2019-12-14
2019-12-24,Don't F**k with Cats: Hunting an Internet Killer,2019,https://boxd.it/UwxOV,4,,,2019-12-18
2019-12-21,Star Wars: The Rise of Skywalker,2019,https://boxd.it/Ufm8l,4.5,,,2019-12-19
2019-12-24,Star Wars: The Rise of Skywalker,2019,https://boxd.it/UujbL,4.5,Yes,,2019-12-20
2019-12-27,Elf,2003,https://boxd.it/UNYwj,,Yes,,2019-12-26
2019-12-27,The Polar Express,2004,https://boxd.it/UNYyz,,Yes,,2019-12-26
2019-12-28,Sunshine,2007,https://boxd.it/UTiGN,4,Yes,,2019-12-27
2020-01-02,Star Wars: Episode I – The Phantom Menace,1999,https://boxd.it/Vm4pB,,Yes,,2020-01-01
2020-01-02,Empire of Dreams: The Story of the Star Wars Trilogy,2004,https://boxd.it/Vm4yN,,Yes,,2020-01-01
2020-01-02,To All the Boys I've Loved Before,2018,https://boxd.it/Vo3NB,3.5,,,2020-01-01
2020-01-05,Drive,2011,https://boxd.it/VHCvP,2,,,2020-01-03
2020-01-07,Knives Out,2019,https://boxd.it/VVQC9,4,,,2020-01-06
2020-01-07,Amélie,2001,https://boxd.it/VWbvt,5,,,2020-01-06
2020-01-10,Ford v Ferrari,2019,https://boxd.it/WbG4N,4.5,,,2020-01-09
2020-01-11,Uncut Gems,2019,https://boxd.it/WgTdj,5,,,2020-01-10
2020-01-11,Jojo Rabbit,2019,https://boxd.it/WhwON,4,,,2020-01-11
2020-01-12,A Beautiful Day in the Neighborhood,2019,https://boxd.it/WlhbJ,4,,,2020-01-11
2020-01-12,1917,2019,https://boxd.it/WnvRX,4.5,,,2020-01-11
2020-01-13,Catch Me If You Can,2002,https://boxd.it/WtsJN,4.5,Yes,,2020-01-12
2020-01-13,Jojo Rabbit,2019,https://boxd.it/Wucm1,4,Yes,,2020-01-12
2020-01-15,Marriage Story,2019,https://boxd.it/WGMYz,4,,,2020-01-14
2020-01-16,The Hateful Eight,2015,https://boxd.it/WNl0L,4,Yes,,2020-01-15
2020-01-17,The Matrix,1999,https://boxd.it/WRwmB,5,Yes,,2020-01-16
2020-01-19,Ford v Ferrari,2019,https://boxd.it/X3TIf,4.5,Yes,,2020-01-18
2020-01-21,Passengers,2016,https://boxd.it/XfsSB,3.5,Yes,,2020-01-20
2020-01-21,Inglourious Basterds,2009,https://boxd.it/XgnBx,5,Yes,,2020-01-20
2020-01-23,Bad Boys,1995,https://boxd.it/XqKPd,3,,,2020-01-22
2020-01-24,Bad Boys II,2003,https://boxd.it/XvEC3,4,,,2020-01-23
2020-01-25,Dunkirk,2017,https://boxd.it/XAPff,5,Yes,,2020-01-24
2020-01-26,Shrek,2001,https://boxd.it/XF6AR,3.5,Yes,,2020-01-25
2020-02-01,Parasite,2019,https://boxd.it/Yd7kt,5,,cinerama,2020-01-31
2020-02-04,Parasite,2019,https://boxd.it/YqWMz,5,Yes,,2020-02-01
2020-02-03,The Other Guys,2010,https://boxd.it/Yps4v,3.5,Yes,,2020-02-02
2020-02-05,Yesterday,2019,https://boxd.it/Yz0sf,4,Yes,,2020-02-04
2020-02-07,Straight Outta Compton,2015,https://boxd.it/YH0Nt,4.5,Yes,,2020-02-06
2020-02-07,Parasite,2019,https://boxd.it/YIpQf,5,Yes,blu-ray,2020-02-06
2020-02-08,Freaks and Geeks: The Documentary,2018,https://boxd.it/YLgsf,4,Yes,,2020-02-07
2020-02-08,Willy Wonka & the Chocolate Factory,1971,https://boxd.it/YMfgT,4,Yes,,2020-02-07
2020-02-08,Uncle Buck,1989,https://boxd.it/YMFnB,4.5,Yes,,2020-02-07
2020-02-08,"The Road to 100,000 Original Prusa 3D printers",2019,https://boxd.it/YN0kj,,,,2020-02-07
2020-02-08,Fahrenheit 451,1966,https://boxd.it/YObsZ,4.5,Yes,,2020-02-07
2020-02-08,Sleeping with Other People,2015,https://boxd.it/YObBd,4,Yes,netflix,2020-02-07
2020-02-09,Walk the Line,2005,https://boxd.it/YR1Rr,3.5,,,2020-02-08
2020-02-15,Sonic the Hedgehog,2020,https://boxd.it/Zqcs3,4,,,2020-02-14
2020-02-16,Cheer,2020,https://boxd.it/Zw7yx,3.5,,,2020-02-15
2020-02-17,About Time,2013,https://boxd.it/ZBLrh,4.5,Yes,,2020-02-16
2020-02-17,To All the Boys: P.S. I Still Love You,2020,https://boxd.it/ZDNm3,3,,,2020-02-16
2020-02-17,Holes,2003,https://boxd.it/ZEqWT,3.5,Yes,,2020-02-16
2020-02-19,Ferris Bueller's Day Off,1986,https://boxd.it/ZPNfv,4.5,Yes,,2020-02-18
2020-02-19,The Edge of Seventeen,2016,https://boxd.it/ZQ9Sf,3.5,Yes,,2020-02-18
2020-02-20,Terminator: Dark Fate,2019,https://boxd.it/ZVnRP,3,,,2020-02-19
2020-02-21,A Beautiful Day in the Neighborhood,2019,https://boxd.it/1002qX,3.5,Yes,,2020-02-20
2020-02-22,Inglourious Basterds,2009,https://boxd.it/104XG7,5,Yes,chalet theatre,2020-02-21
2020-02-23,Batman Begins,2005,https://boxd.it/108Onj,4.5,Yes,,2020-02-22
2020-02-23,The Dark Knight,2008,https://boxd.it/10b245,5,Yes,,2020-02-23
2020-02-25,Bad Boys for Life,2020,https://boxd.it/10lGkn,3,,,2020-02-24
2020-02-28,Pokémon the Movie: Mewtwo Strikes Back - Evolution,2019,https://boxd.it/10xxTd,1,,,2020-02-27
2020-02-28,Pokémon: The First Movie,1998,https://boxd.it/10xSWH,3.5,Yes,,2020-02-27
2020-02-28,Midway,2019,https://boxd.it/10yH0J,3.5,,,2020-02-27
2020-03-01,McMillion$,2020,https://boxd.it/10GYWr,4,,,2020-02-29
2020-03-01,Star Wars: Episode III – Revenge of the Sith,2005,https://boxd.it/10IgCr,4,Yes,,2020-02-29
2020-03-01,The Big Lebowski,1998,https://boxd.it/10Jh5v,3.5,,,2020-02-29
2020-03-07,"I Love You, Now Die: The Commonwealth v. Michelle Carter",2019,https://boxd.it/119es9,3.5,,,2020-03-06
2020-03-07,The Lord of the Rings: The Two Towers,2002,https://boxd.it/11bM4f,3.5,Yes,,2020-03-06
2020-03-07,Sonic the Hedgehog,2020,https://boxd.it/11bM6v,4,Yes,,2020-03-06
2020-03-08,Stuart Little,1999,https://boxd.it/11gEMj,2.5,Yes,,2020-03-07
2020-03-10,2001: A Space Odyssey,1968,https://boxd.it/11nRyj,5,Yes,,2020-03-08
2020-03-11,McMillion$,2020,https://boxd.it/11uap3,4,Yes,,2020-03-10
2020-03-14,Hall Pass,2011,https://boxd.it/11ENJh,3,Yes,,2020-03-12
2020-03-15,Steve Jobs,2015,https://boxd.it/11L97V,5,Yes,,2020-03-14
2020-03-15,Little Miss Sunshine,2006,https://boxd.it/11LDv9,5,Yes,,2020-03-14
2020-03-17,Big,1988,https://boxd.it/11YDyX,4,Yes,,2020-03-15
2020-03-17,Forgetting Sarah Marshall,2008,https://boxd.it/11YDDt,4.5,Yes,,2020-03-15
2020-03-18,Be Kind Rewind,2008,https://boxd.it/123I4t,3.5,Yes,,2020-03-17
2020-03-19,Rise of the Planet of the Apes,2011,https://boxd.it/129Z3f,3,Yes,,2020-03-18
2020-03-21,School of Rock,2003,https://boxd.it/12hPDN,4,Yes,,2020-03-19
2020-03-21,Hot Fuzz,2007,https://boxd.it/12mkGB,5,Yes,,2020-03-20
2020-03-22,Kicking & Screaming,2005,https://boxd.it/12pC05,3.5,Yes,,2020-03-21
2020-03-22,Onward,2020,https://boxd.it/12rGAF,4,,,2020-03-21
2020-03-26,WALL·E,2008,https://boxd.it/12RQBP,3.5,Yes,,2020-03-24
2020-03-26,Tiger King,2020,https://boxd.it/12RElb,4,,,2020-03-25
2020-03-26,Doctor Sleep,2019,https://boxd.it/12W92H,4,,,2020-03-25
2020-03-27,The Shining,1980,https://boxd.it/12ZSg1,4.5,Yes,,2020-03-26
2020-03-27,American Made,2017,https://boxd.it/131CKN,3.5,,,2020-03-26
2020-03-27,Logan,2017,https://boxd.it/132EDh,3,,,2020-03-26
2020-03-28,The Revenant,2015,https://boxd.it/138Y23,4,,,2020-03-27
2020-03-29,The Muppets,2011,https://boxd.it/13gCYl,3,,,2020-03-28
2020-03-29,Django Unchained,2012,https://boxd.it/13iGin,4.5,Yes,,2020-03-28
2020-03-31,The Wolf of Wall Street,2013,https://boxd.it/13u6Pf,4.5,,,2020-03-30
2020-03-31,Flags of Our Fathers,2006,https://boxd.it/13wlIx,3.5,Yes,,2020-03-30
2020-03-31,The Invisible Man,2020,https://boxd.it/13xxyV,3,,,2020-03-30
2020-03-31,Apocalypse Now,1979,https://boxd.it/13ySFF,4.5,Yes,,2020-03-31
2020-04-01,Jumanji: The Next Level,2019,https://boxd.it/13ChRd,3.5,,,2020-03-31
2020-04-02,Live Free or Die Hard,2007,https://boxd.it/13HY57,3.5,Yes,,2020-04-01
2020-04-02,Sonic the Hedgehog,2020,https://boxd.it/13MGNZ,4,Yes,,2020-04-01
2020-04-02,Batman Begins,2005,https://boxd.it/13MGZ7,4.5,Yes,,2020-04-01
2020-04-03,Tropic Thunder,2008,https://boxd.it/13PEoT,5,Yes,,2020-04-02
2020-04-03,300,2006,https://boxd.it/13R0T7,3.5,Yes,,2020-04-02
2020-04-03,The Dark Knight,2008,https://boxd.it/13SLIx,5,Yes,,2020-04-02
2020-04-04,The Jerk,1979,https://boxd.it/13Y8iH,3.5,,,2020-04-03
2020-04-08,Just Go with It,2011,https://boxd.it/14tGBZ,3,Yes,,2020-04-03
2020-04-05,The Dark Knight Rises,2012,https://boxd.it/1488Oj,5,Yes,,2020-04-04
2020-04-05,The Wolf of Wall Street,2013,https://boxd.it/14a1MJ,4.5,Yes,,2020-04-04
2020-04-07,Team America: World Police,2004,https://boxd.it/14kL5h,3.5,Yes,,2020-04-06
2020-04-07,Chernobyl,2019,https://boxd.it/14mYvB,5,Yes,,2020-04-06
2020-04-08,Death Proof,2007,https://boxd.it/14tnhV,3,,,2020-04-07
2020-04-08,The Island,2005,https://boxd.it/14vOJL,3.5,Yes,,2020-04-07
2020-04-09,Wedding Crashers,2005,https://boxd.it/14ybL5,3.5,Yes,,2020-04-08
2020-04-09,Avengers: Endgame,2019,https://boxd.it/14zUc7,5,Yes,,2020-04-08
2020-04-09,The World's End,2013,https://boxd.it/14BjlF,4,Yes,,2020-04-08
2020-04-09,The Hurt Locker,2008,https://boxd.it/14ChLt,4.5,Yes,,2020-04-08
2020-04-10,Zero Dark Thirty,2012,https://boxd.it/14GjnV,3.5,Yes,,2020-04-09
2020-04-10,Reservoir Dogs,1992,https://boxd.it/14JFmr,4,,,2020-04-09
2020-04-13,Venom,2018,https://boxd.it/157YhD,3,,,2020-04-12
2020-04-13,National Lampoon's European Vacation,1985,https://boxd.it/159d7Z,3,Yes,,2020-04-12
2020-04-14,Spenser Confidential,2020,https://boxd.it/15itSP,2.5,,,2020-04-13
2020-04-15,Yes Man,2008,https://boxd.it/15n8Xz,2.5,,,2020-04-14
2020-04-16,Interstellar,2014,https://boxd.it/15uD8V,5,Yes,,2020-04-15
2020-04-16,Harry Potter and the Philosopher's Stone,2001,https://boxd.it/15wZRx,4,Yes,,2020-04-15
2020-04-17,Harry Potter and the Chamber of Secrets,2002,https://boxd.it/15Ba4f,3.5,Yes,,2020-04-16
2020-04-17,Harry Potter and the Prisoner of Azkaban,2004,https://boxd.it/15BIKz,4,Yes,,2020-04-16
2020-04-17,Harry Potter and the Goblet of Fire,2005,https://boxd.it/15COLv,3.5,Yes,,2020-04-16
2020-04-17,Harry Potter and the Order of the Phoenix,2007,https://boxd.it/15DwLp,4,Yes,,2020-04-16
2020-04-17,Harry Potter and the Half-Blood Prince,2009,https://boxd.it/15ESEH,4,Yes,,2020-04-16
2020-04-17,Harry Potter and the Deathly Hallows: Part 1,2010,https://boxd.it/15FO5Z,4,Yes,,2020-04-16
2020-04-18,Spider-Man: Far From Home,2019,https://boxd.it/15I26B,4.5,Yes,,2020-04-17
2020-04-18,Harry Potter and the Deathly Hallows: Part 2,2011,https://boxd.it/15IAzd,4.5,Yes,,2020-04-17
2020-04-19,Sonic the Hedgehog,2020,https://boxd.it/15WLZf,4,Yes,,2020-04-18
2020-04-20,Argo,2012,https://boxd.it/16363j,4.5,Yes,,2020-04-19
2020-04-21,28 Days Later,2002,https://boxd.it/167zeN,3.5,Yes,,2020-04-20
2020-04-21,Dolittle,2020,https://boxd.it/16aOuR,2,,,2020-04-20
2020-04-23,Iron Man,2008,https://boxd.it/16n7Hz,5,Yes,,2020-04-22
2020-04-23,Dan in Real Life,2007,https://boxd.it/16o9RD,3.5,Yes,,2020-04-22
2020-04-23,Waco,2018,https://boxd.it/16pagv,3.5,,,2020-04-22
2020-04-24,Middleditch & Schwartz,2020,https://boxd.it/16tgyX,4.5,,,2020-04-23
2020-04-24,Blast from the Past,1999,https://boxd.it/16ulED,3,Yes,,2020-04-23
2020-04-24,Juno,2007,https://boxd.it/16vfth,3.5,Yes,,2020-04-23
2020-04-24,The Death of Stalin,2017,https://boxd.it/16wqUb,4,,,2020-04-23
2020-04-25,Silver Linings Playbook,2012,https://boxd.it/16B9CJ,4.5,Yes,,2020-04-24
2020-04-26,The IT Crowd: The Internet Is Coming,2013,https://boxd.it/16Lyy3,4,Yes,,2020-04-25
2020-04-27,The Lighthouse,2019,https://boxd.it/16VbNf,3.5,,,2020-04-26
2020-04-28,There's Something About Mary,1998,https://boxd.it/16YRO1,3.5,Yes,,2020-04-27
2020-04-28,Big Daddy,1999,https://boxd.it/16ZQTV,4,Yes,,2020-04-27
2020-04-29,A Hitchhiker's Tale,2016,https://boxd.it/1772Uv,,,,2020-04-28
2020-05-02,Star Wars: Episode III – Revenge of the Sith,2005,https://boxd.it/17xqIZ,4,Yes,,2020-05-01
2020-05-02,A Parks and Recreation Special,2020,https://boxd.it/17xTE3,1.5,,,2020-05-02
2020-05-04,The Lord of the Rings: The Return of the King,2003,https://boxd.it/17MsDH,4.5,Yes,,2020-05-03
2020-05-04,Extraction,2020,https://boxd.it/17NjM3,3.5,,,2020-05-03
2020-05-04,Iron Man 3,2013,https://boxd.it/17OVMR,4,Yes,,2020-05-03
2020-05-05,Star Wars,1977,https://boxd.it/17Wykh,5,Yes,35mm,2020-05-04
2020-05-07,The Empire Strikes Back,1980,https://boxd.it/188P03,5,Yes,,2020-05-05
2020-05-07,Return of the Jedi,1983,https://boxd.it/188P8h,5,Yes,"35mm, gringhouse scan",2020-05-06
2020-05-07,The Interview,2014,https://boxd.it/189WGx,4,Yes,,2020-05-06
2020-05-09,BlacKkKlansman,2018,https://boxd.it/18oiZT,3.5,Yes,,2020-05-08
2020-05-12,Dumb and Dumber,1994,https://boxd.it/18HAgb,4,Yes,,2020-05-10
2020-05-13,Manitou's Shoe,2001,https://boxd.it/18NWEh,4,Yes,,2020-05-12
2020-05-13,What About Bob?,1991,https://boxd.it/18RDwh,3,,,2020-05-12
2020-05-13,Stuber,2019,https://boxd.it/18Sn8v,2.5,,,2020-05-12
2020-05-14,The Wrong Missy,2020,https://boxd.it/18Wgbl,3,,,2020-05-13
2020-05-15,Jackie Brown,1997,https://boxd.it/196xrP,4,Yes,,2020-05-14
2020-05-17,The Secret Life of Walter Mitty,2013,https://boxd.it/19iZR1,4.5,Yes,,2020-05-16
2020-05-18,The Gentlemen,2019,https://boxd.it/19rznd,4,,,2020-05-17
2020-05-20,The Gentlemen,2019,https://boxd.it/19FeRz,4,Yes,,2020-05-19
2020-05-22,Justice League,2017,https://boxd.it/19T4S1,1.5,,,2020-05-21
2020-05-23,Notting Hill,1999,https://boxd.it/19X5kd,4.5,Yes,,2020-05-22
2020-05-23,Fantastic Mr. Fox,2009,https://boxd.it/19Yh49,4,,,2020-05-22
2020-05-25,Guardians of the Galaxy Vol. 2,2017,https://boxd.it/1ad2KT,4.5,Yes,,2020-05-24
2020-05-25,Beastie Boys Story,2020,https://boxd.it/1ahuwj,4,,,2020-05-24
2020-05-26,Uncut Gems,2019,https://boxd.it/1akqrP,4.5,Yes,,2020-05-25
2020-05-31,Inception,2010,https://boxd.it/1aURwp,4.5,Yes,,2020-05-30
2020-06-04,Batman Begins,2005,https://boxd.it/1bghBR,4.5,Yes,,2020-06-03
2020-06-04,Ready Player One,2018,https://boxd.it/1bgTPH,3.5,Yes,,2020-06-03
2020-06-07,Misery,1990,https://boxd.it/1bCeGD,3.5,Yes,,2020-06-06
2020-06-07,Full Metal Jacket,1987,https://boxd.it/1bEz9J,4,Yes,,2020-06-06
2020-06-08,Shazam!,2019,https://boxd.it/1bJQeV,4,Yes,,2020-06-07
2020-06-08,Jeffrey Epstein: Filthy Rich,2020,https://boxd.it/1bMfbV,,,,2020-06-07
2020-06-11,13th,2016,https://boxd.it/1c5wHd,,,,2020-06-10
2020-06-13,WarGames,1983,https://boxd.it/1cihjL,4,Yes,,2020-06-12
2020-06-14,RV,2006,https://boxd.it/1cop63,2.5,Yes,,2020-06-13
2020-06-19,The Edge of Seventeen,2016,https://boxd.it/1cTqFF,4,Yes,,2020-06-17
2020-06-19,Steve Jobs,2015,https://boxd.it/1cUjbF,5,Yes,,2020-06-18
2020-06-21,Kill Bill: Vol. 1,2003,https://boxd.it/1d5wad,5,Yes,chalet theatre,2020-06-20
2020-06-21,Kill Bill: Vol. 2,2004,https://boxd.it/1d5wj5,4.5,Yes,chalet theatre,2020-06-20
2020-06-22,Die Hard 2,1990,https://boxd.it/1ddwAL,3.5,Yes,,2020-06-21
2020-06-22,The Adjustment Bureau,2011,https://boxd.it/1de8hR,3,,,2020-06-21
2020-06-27,Eurovision Song Contest: The Story of Fire Saga,2020,https://boxd.it/1dHozF,2.5,,,2020-06-26
2020-07-03,Wonder Woman,2017,https://boxd.it/1ejsv9,3,Yes,,2020-07-02
2020-07-12,Scoob!,2020,https://boxd.it/1fd005,2.5,,,2020-07-11
2020-07-13,South Park: Imaginationland,2008,https://boxd.it/1flT6j,4,Yes,,2020-07-12
2020-07-18,The Dark Knight Rises,2012,https://boxd.it/1fTdWb,5,Yes,,2020-07-17
2020-07-18,John Wick,2014,https://boxd.it/1fU245,4,Yes,,2020-07-17
2020-07-19,Palm Springs,2020,https://boxd.it/1fYsIj,4.5,,,2020-07-18
2020-07-20,The Hateful Eight,2015,https://boxd.it/1g6W03,4.5,Yes,,2020-07-18
2020-07-24,Transformers,2007,https://boxd.it/1gv3WL,3,Yes,,2020-07-23
2020-07-24,Star Trek,2009,https://boxd.it/1gvCKv,4.5,Yes,,2020-07-23
2020-07-25,30 Rock: A One-Time Special,2020,https://boxd.it/1gxRbT,3,,,2020-07-23
2020-07-26,Palm Springs,2020,https://boxd.it/1gITxJ,4,Yes,,2020-07-25
2020-07-30,The Martian,2015,https://boxd.it/1h9Gej,4.5,Yes,,2020-07-30
2020-08-01,Harry Potter and the Philosopher's Stone,2001,https://boxd.it/1hjrqJ,4,Yes,,2020-07-31
2020-08-02,Juno,2007,https://boxd.it/1hr0l9,4,Yes,,2020-08-01
2020-08-08,The Social Network,2010,https://boxd.it/1i3o9R,5,Yes,chalet theatre,2020-08-07
2020-08-18,Nathan for You: Finding Frances,2017,https://boxd.it/1j6KeJ,,Yes,,2020-08-17
2020-08-23,The Wolf of Wall Street,2013,https://boxd.it/1jCNPH,4.5,Yes,,2020-08-22
2020-08-27,Killing Gunther,2017,https://boxd.it/1k1y0f,2.5,,,2020-08-26
2020-09-03,Tenet,2020,https://boxd.it/1kNZZP,4.5,,,2020-09-02
2020-09-10,Dr. Strangelove or: How I Learned to Stop Worrying and Love the Bomb,1964,https://boxd.it/1ly9aT,4,,,2020-09-09
2020-09-12,United 93,2006,https://boxd.it/1lGYGd,,Yes,,2020-09-11
2020-09-12,Tenet,2020,https://boxd.it/1lKhRl,4.5,Yes,,2020-09-11
2020-09-14,Game Night,2018,https://boxd.it/1lYGkJ,3,Yes,,2020-09-13
2020-09-17,Uncle Buck,1989,https://boxd.it/1mgC23,4.5,Yes,,2020-09-16
2020-09-18,The Peanut Butter Falcon,2019,https://boxd.it/1mmbxP,4,,,2020-09-17
2020-09-19,Jackie Brown,1997,https://boxd.it/1mt7lJ,4,Yes,,2020-09-18
2020-09-27,Akira,1988,https://boxd.it/1nhaap,3.5,Yes,"4k, theater",2020-09-26
2020-09-29,Bill & Ted Face the Music,2020,https://boxd.it/1nufUt,3.5,,,2020-09-28
2020-10-10,South Park: The Pandemic Special,2020,https://boxd.it/1oCcFv,,,,2020-09-30
2020-10-05,The Red Balloon,1956,https://boxd.it/1o3P0h,4.5,Yes,,2020-10-04
2020-10-07,The Hedgehog,2015,https://boxd.it/1ohAkT,1,,,2020-10-06
2020-10-12,50 First Dates,2004,https://boxd.it/1oRxED,5,Yes,,2020-10-11
2020-10-13,Larry David: Curb Your Enthusiasm,1999,https://boxd.it/1oWwvv,3.5,,,2020-10-12
2020-10-13,Doodlebug,1997,https://boxd.it/1oXKCH,,,,2020-10-12
2020-10-13,Sixteen Candles,1984,https://boxd.it/1oYvb9,,Yes,,2020-10-12
2020-10-18,Tenet,2020,https://boxd.it/1pw0nL,4.5,Yes,,2020-10-18
2020-10-19,Cube,1997,https://boxd.it/1pCxOH,3,,,2020-10-18
2020-10-25,Borat Subsequent Moviefilm,2020,https://boxd.it/1qio87,,,,2020-10-24
2020-11-01,It,2017,https://boxd.it/1rafID,3.5,,,2020-10-31
2020-11-02,The Gods Must Be Crazy,1980,https://boxd.it/1rhAeX,3,,,2020-11-01
2020-11-06,Christmas with the Kranks,2004,https://boxd.it/1rFyUl,,Yes,,2020-11-05
2020-11-07,The Lord of the Rings: The Fellowship of the Ring,2001,https://boxd.it/1rLJTP,,Yes,,2020-11-06
2020-11-09,The Lord of the Rings: The Two Towers,2002,https://boxd.it/1rWHPj,3.5,Yes,,2020-11-08
2020-11-09,Big Daddy,1999,https://boxd.it/1rWHUN,4,Yes,,2020-11-08
2020-11-09,The Lord of the Rings: The Return of the King,2003,https://boxd.it/1rYztD,4.5,Yes,,2020-11-08
2020-11-15,Once Upon a Time... in Hollywood,2019,https://boxd.it/1szPNt,5,Yes,,2020-11-14
2020-11-17,Heavyweights,1995,https://boxd.it/1sJLfx,3.5,,,2020-11-16
2020-11-17,Safety Not Guaranteed,2012,https://boxd.it/1sNcOP,3.5,Yes,,2020-11-16
2020-11-20,LEGO Star Wars Holiday Special,2020,https://boxd.it/1sZMQ7,3,,,2020-11-19
2020-11-23,Krampus,2015,https://boxd.it/1togWd,3,,,2020-11-22
2020-11-24,Star Wars: The Rise of Skywalker,2019,https://boxd.it/1tvs6R,4.5,Yes,,2020-11-23
2020-11-29,Star Wars: Episode I – The Phantom Menace,1999,https://boxd.it/1u4BAL,4,Yes,,2020-11-29
2020-11-30,Star Wars: Episode II – Attack of the Clones,2002,https://boxd.it/1ucw7Z,3,Yes,,2020-11-29
2020-12-02,Star Wars: Episode III – Revenge of the Sith,2005,https://boxd.it/1upODl,4,Yes,,2020-12-01
2020-12-03,Rogue One: A Star Wars Story,2016,https://boxd.it/1uuVcB,5,Yes,,2020-12-02
2020-12-06,Star Wars,1977,https://boxd.it/1uNJ3P,5,Yes,,2020-12-05
2020-12-09,Big,1988,https://boxd.it/1v9H25,4,Yes,,2020-12-08
2020-12-09,The Real Right Stuff,2020,https://boxd.it/1vbhg5,3.5,,,2020-12-08
2020-12-13,Office Space,1999,https://boxd.it/1vCHfB,4.5,Yes,,2020-12-12
2020-12-13,Return of the Jedi,1983,https://boxd.it/1vCHkh,5,Yes,,2020-12-12
2020-12-25,A Christmas Carol,2009,https://boxd.it/1x1wsD,4,,,2020-12-24
2020-12-26,Soul,2020,https://boxd.it/1xadFh,3.5,,,2020-12-25
2020-12-26,"The Chronicles of Narnia: The Lion, the Witch and the Wardrobe",2005,https://boxd.it/1xfXi9,4.5,Yes,,2020-12-25
2020-12-27,Wonder Woman 1984,2020,https://boxd.it/1xptFn,2,,,2020-12-26
2020-12-27,Kitbull,2019,https://boxd.it/1xqfPF,4,,,2020-12-26
2021-01-02,The Secret Life of Walter Mitty,2013,https://boxd.it/1yuCRV,4.5,Yes,,2021-01-01
2021-01-02,Thor,2011,https://boxd.it/1yvnh1,3,Yes,,2021-01-01
2021-01-03,The Other Guys,2010,https://boxd.it/1yIvr5,4,Yes,,2021-01-02
2021-01-04,Logan's Run,1976,https://boxd.it/1yWM8d,,Yes,,2021-01-03
2021-01-04,Steve Jobs,2015,https://boxd.it/1yWMhz,5,Yes,,2021-01-03
2021-01-08,Land of the Lost,2009,https://boxd.it/1zwIQH,3,Yes,,2021-01-07
2021-01-09,Bean,1997,https://boxd.it/1zFCwf,,Yes,,2021-01-08
2021-01-11,WarGames,1983,https://boxd.it/1zYlfT,4,Yes,,2021-01-10
2021-01-11,National Lampoon's Vacation,1983,https://boxd.it/1zZuMf,,Yes,,2021-01-10
2021-01-11,Soylent Green,1973,https://boxd.it/1A16IH,4,Yes,,2021-01-10
2021-01-12,Star Wars: The Force Awakens,2015,https://boxd.it/1AaEPF,,Yes,,2021-01-11
2021-01-14,Hunt for the Wilderpeople,2016,https://boxd.it/1AtAgp,4,,,2021-01-13
2021-01-15,Run Hide Fight,2020,https://boxd.it/1ACtpH,3.5,,,2021-01-14
2021-01-17,Dumbo,2019,https://boxd.it/1AY0ep,,,,2021-01-16
2021-01-19,WandaVision,2021,https://boxd.it/1Bf2kt,,,,2021-01-17
2021-01-19,Baby Driver,2017,https://boxd.it/1Bh3Pr,4.5,Yes,,2021-01-18
2021-01-22,Catch Me If You Can,2002,https://boxd.it/1BDU9H,4,Yes,,2021-01-21
2021-01-28,The White Tiger,2021,https://boxd.it/1CynKz,3,,,2021-01-27
2021-01-31,The Little Things,2021,https://boxd.it/1CYwbZ,3,,,2021-01-30
2021-02-01,AlphaGo,2017,https://boxd.it/1D6Vzj,4.5,,,2021-01-31
2021-02-01,Spy,2015,https://boxd.it/1DaQT7,3,,,2021-01-31
2021-02-08,The Lord of the Rings: The Fellowship of the Ring,2001,https://boxd.it/1EaoKP,4.5,Yes,,2021-02-03
2021-02-07,Superbad,2007,https://boxd.it/1E1t7P,3.5,Yes,,2021-02-07
2021-02-08,Malcolm & Marie,2021,https://boxd.it/1E61RF,2.5,,,2021-02-07
2021-02-09,Captain America: The Winter Soldier,2014,https://boxd.it/1Ei2Tr,,Yes,,2021-02-08
2021-02-11,Avengers: Age of Ultron,2015,https://boxd.it/1EuCtX,,Yes,,2021-02-10
2021-02-13,Captain America: Civil War,2016,https://boxd.it/1ENKU1,,Yes,,2021-02-11
2021-02-13,Black Panther,2018,https://boxd.it/1EOF3N,,Yes,,2021-02-13
2021-02-14,A Bug's Life,1998,https://boxd.it/1EU6CZ,5,Yes,,2021-02-13
2021-02-14,Freaky,2020,https://boxd.it/1EVQaJ,1.5,,,2021-02-13
2021-02-14,Let Him Go,2020,https://boxd.it/1EXeUN,3.5,,,2021-02-13
2021-02-14,Coming to America,1988,https://boxd.it/1EYg0T,4,Yes,,2021-02-13
2021-02-15,Thor: Ragnarok,2017,https://boxd.it/1FaQ63,4.5,Yes,,2021-02-14
2021-02-16,Avengers: Endgame,2019,https://boxd.it/1FfOJd,5,Yes,,2021-02-15
2021-02-17,Spider-Man: Far From Home,2019,https://boxd.it/1FpiTF,4,Yes,,2021-02-16
2021-02-18,Spider-Man,2002,https://boxd.it/1Fwhsn,3.5,Yes,,2021-02-17
2021-02-20,Cars 3,2017,https://boxd.it/1FO8uv,,Yes,,2021-02-19
2021-02-20,De grote dataroof,2019,https://boxd.it/1FP2qJ,4,Yes,,2021-02-19
2021-02-23,Turning Tide,2013,https://boxd.it/1GkJWb,,,,2021-02-22
2021-02-27,Holes,2003,https://boxd.it/1GKy3B,3.5,Yes,,2021-02-24
2021-03-01,A Killer on Floor 32,2018,https://boxd.it/1H9FKH,,,,2021-03-01
2021-03-05,Coming 2 America,2021,https://boxd.it/1HCnLP,3,,,2021-03-04
2021-03-05,WandaVision,2021,https://boxd.it/1HDlUH,3.5,Yes,,2021-03-05
2021-03-06,Coming 2 America,2021,https://boxd.it/1HKaGX,2.5,Yes,,2021-03-05
2021-03-10,Land of Mine,2015,https://boxd.it/1IkC0R,4,,,2021-03-09
2021-03-15,Young Ones,2014,https://boxd.it/1IYLkV,3,,,2021-03-14
2021-03-16,South ParQ Vaccination Special,2021,https://boxd.it/1J2BnN,,,,2021-03-15
2021-03-29,The Martian,2015,https://boxd.it/1KS1N9,4.5,Yes,,2021-03-28
2021-03-31,Zack Snyder's Justice League,2021,https://boxd.it/1L9sOH,4,,,2021-03-30
2021-04-03,Godzilla vs. Kong,2021,https://boxd.it/1LwuzZ,2.5,,,2021-04-02
2021-04-04,The Matrix,1999,https://boxd.it/1LHl59,5,Yes,,2021-04-03
2021-04-06,Long Shot,2017,https://boxd.it/1M3B7z,,,,2021-04-05
2021-04-08,Spaceballs,1987,https://boxd.it/1MiRcF,,Yes,,2021-04-07
2021-04-10,Let's Go to Prison,2006,https://boxd.it/1MAQq3,,,,2021-04-09
2021-04-12,Remaking the Legend: Halo 2 Anniversary,2014,https://boxd.it/1MXMbT,,,,2021-04-11
2021-04-16,Fires of Kuwait,1992,https://boxd.it/1NvumH,,,,2021-04-15
2021-04-24,The Falcon and the Winter Soldier,2021,https://boxd.it/1OxOPR,1.5,,,2021-04-23
2021-04-25,Demon Slayer -Kimetsu no Yaiba- The Movie: Mugen Train,2020,https://boxd.it/1OM5JJ,,,,2021-04-24
2021-04-25,Casino Royale,2006,https://boxd.it/1OOCcn,4,Yes,,2021-04-24
2021-04-29,Forgetting Sarah Marshall,2008,https://boxd.it/1PnzyP,4.5,Yes,,2021-04-28
2021-04-30,Agent Cody Banks 2: Destination London,2004,https://boxd.it/1PvnuH,1.5,,,2021-04-29
2021-05-02,The Matrix,1999,https://boxd.it/1PJlnx,5,Yes,,2021-05-01
2021-05-06,So I Married an Axe Murderer,1993,https://boxd.it/1Qhwf3,3,,,2021-05-05
2021-05-07,Zoolander,2001,https://boxd.it/1QtRuH,4.5,Yes,,2021-05-06
2021-05-08,Star Wars: Episode III – Revenge of the Sith,2005,https://boxd.it/1QykqR,4,Yes,,2021-05-07
2021-05-15,Inglourious Basterds,2009,https://boxd.it/1RuY6D,5,Yes,,2021-05-14
2021-05-16,Creed,2015,https://boxd.it/1RF3Id,4,,,2021-05-15
2021-05-17,Creed II,2018,https://boxd.it/1RRzJB,3,,,2021-05-17
2021-05-18,Rocky,1976,https://boxd.it/1RVipd,3.5,Yes,,2021-05-17
2021-05-18,Spider-Man 2,2004,https://boxd.it/1RWpzr,3.5,Yes,,2021-05-17
2021-05-18,The Hitchhiker's Guide to the Galaxy,2005,https://boxd.it/1RXu6h,4,Yes,,2021-05-17
2021-05-18,Step Brothers,2008,https://boxd.it/1RZ7VF,4,Yes,,2021-05-17
2021-05-19,Austin Powers in Goldmember,2002,https://boxd.it/1S64iJ,,Yes,,2021-05-18
2021-05-19,The Mitchells vs. the Machines,2021,https://boxd.it/1S6VlV,4,,,2021-05-19
2021-05-20,Spider-Man: Into the Spider-Verse,2018,https://boxd.it/1SbIS3,4.5,Yes,,2021-05-19
2021-05-20,The Mitchells vs. the Machines,2021,https://boxd.it/1ScMLn,4,Yes,,2021-05-19
2021-05-21,The Blind Date,2018,https://boxd.it/1ShrXn,4,,,2021-05-20
2021-05-22,A Bug's Life,1998,https://boxd.it/1Sq4oH,5,Yes,,2021-05-21
2021-05-24,Logan Lucky,2017,https://boxd.it/1SJ69n,4,Yes,,2021-05-23
2021-05-27,Why Did You Kill Me?,2021,https://boxd.it/1T7ZoP,,,,2021-05-26
2021-05-31,A Fantastic Fear of Everything,2012,https://boxd.it/1TEGQV,,,,2021-05-29
2021-06-03,Once Upon a Time... in Hollywood,2019,https://boxd.it/1U5Jll,5,Yes,,2021-06-02
2021-06-07,Old School,2003,https://boxd.it/1UCzHn,3.5,Yes,,2021-06-06
2021-06-09,Mars Attacks!,1996,https://boxd.it/1UUVoD,2.5,,,2021-06-08
2021-06-12,Spider-Man 3,2007,https://boxd.it/1VdGuJ,3,Yes,,2021-06-11
2021-06-14,Kill Bill: Vol. 1,2003,https://boxd.it/1VvfOD,5,Yes,,2021-06-13
2021-06-14,Cruella,2021,https://boxd.it/1Vyi4p,3.5,,,2021-06-13
2021-06-15,Blade Runner 2049,2017,https://boxd.it/1VFZPR,4.5,Yes,,2021-06-14
2021-06-16,Cruella,2021,https://boxd.it/1VNmy9,3.5,Yes,,2021-06-15
2021-06-20,A Quiet Place Part II,2020,https://boxd.it/1Wh9d3,3.5,,,2021-06-20
2021-06-23,Luca,2021,https://boxd.it/1WEwb1,3.5,,,2021-06-22
2021-06-23,Mud,2012,https://boxd.it/1WFIqp,,,,2021-06-22
2021-06-26,Once Upon a Time... in Hollywood,2019,https://boxd.it/1X1TPz,5,Yes,,2021-06-25
2021-06-27,"See No Evil, Hear No Evil",1989,https://boxd.it/1X8Wf9,,,,2021-06-26
2021-06-27,Tropic Thunder,2008,https://boxd.it/1XaVh3,5,Yes,,2021-06-27
2021-06-28,Idiocracy,2006,https://boxd.it/1XizRp,,Yes,,2021-06-27
2021-07-10,Black Widow,2021,https://boxd.it/1YZt89,2,,,2021-07-09
2021-07-15,Loki,2021,https://boxd.it/1ZHkkX,3,,,2021-07-14
2021-07-18,Once Upon a Time... in Hollywood,2019,https://boxd.it/20dA9b,5,Yes,,2021-07-17
2021-08-05,The Green Knight,2021,https://boxd.it/22RJip,3,,,2021-08-04
2021-08-07,The Suicide Squad,2021,https://boxd.it/2358Or,3.5,,,2021-08-06
2021-08-08,Chernobyl,2019,https://boxd.it/23kghl,5,Yes,,2021-08-07
2021-08-10,A Quiet Place Part II,2020,https://boxd.it/23BXJL,4,Yes,,2021-08-08
2021-08-11,The Suicide Squad,2021,https://boxd.it/23GEQ9,3.5,Yes,,2021-08-09
2021-08-14,Deuce Bigalow: Male Gigolo,1999,https://boxd.it/249LG9,,Yes,,2021-08-13
2021-08-14,(500) Days of Summer,2009,https://boxd.it/24aVEf,5,Yes,,2021-08-13
2021-08-14,Straight Outta Compton,2015,https://boxd.it/24c2dn,4.5,Yes,,2021-08-14
2021-08-15,Argo,2012,https://boxd.it/24gnbl,4.5,Yes,,2021-08-14
2021-08-15,The Dark Knight,2008,https://boxd.it/24i4mD,5,Yes,,2021-08-14
2021-08-16,Dunkirk,2017,https://boxd.it/24rjox,5,Yes,,2021-08-15
2021-08-21,In the Same Breath,2021,https://boxd.it/25aVOt,4,,,2021-08-20
2021-08-23,Free Guy,2021,https://boxd.it/25tUt3,4,,,2021-08-22
2021-08-24,The Inventor: Out for Blood in Silicon Valley,2019,https://boxd.it/25zIab,,,,2021-08-23
2021-08-25,"The Good, the Bart, and the Loki",2021,https://boxd.it/25L4vd,,,,2021-08-24
2021-08-27,Sleeping with Other People,2015,https://boxd.it/26342V,4,Yes,,2021-08-27
2021-08-28,CODA,2021,https://boxd.it/266S1J,4.5,,,2021-08-27
2021-08-28,CODA,2021,https://boxd.it/26aw45,4.5,Yes,,2021-08-27
2021-08-30,Free Guy,2021,https://boxd.it/26u43j,4,Yes,,2021-08-29
2021-09-02,The Gentlemen,2019,https://boxd.it/26Tmmj,4,Yes,,2021-08-31
2021-09-07,Yesterday,2019,https://boxd.it/27yL8N,4,Yes,,2021-09-05
2021-09-07,Happy and Glorious,2012,https://boxd.it/27yP7T,,,,2021-09-06
2021-09-09,The Web,2013,https://boxd.it/27V0Q5,,Yes,,2021-09-09
2021-09-18,The Interview,2014,https://boxd.it/293XmN,4,Yes,,2021-09-10
2021-09-12,Turning Point: 9/11 and the War on Terror,2021,https://boxd.it/28e27p,,,,2021-09-11
2021-09-13,The Wolf of Wall Street,2013,https://boxd.it/28uSgl,4.5,Yes,,2021-09-13
2021-09-18,127 Hours,2010,https://boxd.it/292BIb,3.5,Yes,,2021-09-17
2021-09-18,Dirty Work,1998,https://boxd.it/295MfZ,3,,,2021-09-17
2021-09-19,Billy Madison,1995,https://boxd.it/29fx2L,4,Yes,,2021-09-18
2021-09-19,DodgeBall: A True Underdog Story,2004,https://boxd.it/29fx7h,3.5,Yes,,2021-09-18
2021-09-19,Nathan for You: Finding Frances,2017,https://boxd.it/29fImx,4.5,Yes,,2021-09-19
2021-09-20,The Jinx: The Life and Deaths of Robert Durst,2015,https://boxd.it/29owdB,,Yes,,2021-09-19
2021-09-22,Waiting...,2005,https://boxd.it/29BH39,3.5,Yes,,2021-09-21
2021-09-23,Star Wars: Visions – Tatooine Rhapsody,2021,https://boxd.it/29H2tn,,,,2021-09-22
2021-09-23,Star Wars: Visions – The Duel,2021,https://boxd.it/29H9L9,,,,2021-09-22
2021-09-24,Schumacher,2021,https://boxd.it/29SWa9,4,,,2021-09-24
2021-10-02,Once Upon a Time... in Hollywood,2019,https://boxd.it/2aVfkl,5,Yes,,2021-10-01
2021-10-10,Dave Chappelle: The Closer,2021,https://boxd.it/2c3UtD,4,,,2021-10-09
2021-10-13,No Time to Die,2021,https://boxd.it/2cHilL,4,,,2021-10-12
2021-10-18,Cry Macho,2021,https://boxd.it/2doxgR,,,,2021-10-14
2021-10-20,The Gentlemen,2019,https://boxd.it/2dK6jX,4,Yes,,2021-10-19
2021-10-21,Hubie Halloween,2020,https://boxd.it/2dSO65,1.5,,,2021-10-20
2021-10-23,Dune,2021,https://boxd.it/2eavJt,4.5,,,2021-10-22
2021-10-24,Dune,2021,https://boxd.it/2enqEp,4.5,Yes,,2021-10-24
2021-11-02,LuLaRich,2021,https://boxd.it/2fQsVz,,,,2021-11-01
2021-11-03,Last Night in Soho,2021,https://boxd.it/2g2pIV,3.5,,,2021-11-02
2021-11-04,Dune,2021,https://boxd.it/2gbwxD,5,Yes,,2021-11-03
2021-11-07,Blade Runner 2049,2017,https://boxd.it/2gC6Zv,4.5,Yes,,2021-11-06
2021-11-14,Home Sweet Home Alone,2021,https://boxd.it/2hEsyz,0.5,,,2021-11-13
2021-11-16,Shang-Chi and the Legend of the Ten Rings,2021,https://boxd.it/2i5JlB,3,,,2021-11-15
2021-11-20,Ghostbusters: Afterlife,2021,https://boxd.it/2iERhH,3.5,,,2021-11-20
2021-11-28,8-Bit Christmas,2021,https://boxd.it/2jPFpZ,3.5,,,2021-11-27
2021-12-02,Christmas with the Kranks,2004,https://boxd.it/2kuagz,,Yes,,2021-12-01
2021-12-08,Inception,2010,https://boxd.it/2lh7vz,4.5,Yes,,2021-12-04
2021-12-06,'Twas the Fight Before Christmas,2021,https://boxd.it/2kYvzd,,,,2021-12-05
2021-12-09,Springboard: The Secret History of the First Real Smartphone,2021,https://boxd.it/2lpWY9,4,,,2021-12-08
2021-12-11,Disney's FastPass: A Complicated History,2021,https://boxd.it/2lIQpP,4,,,2021-12-10
2021-12-12,Spider-Man,2002,https://boxd.it/2lUwcP,3.5,Yes,,2021-12-10
2021-12-13,Christmas with The Chosen: The Messengers,2021,https://boxd.it/2m6GSl,,,,2021-12-12
2021-12-16,Power On: The Story of Xbox,2021,https://boxd.it/2mzGGH,4.5,,,2021-12-13
2021-12-17,Ted Lasso: The Missing Christmas Mustache,2021,https://boxd.it/2mEdu3,,,,2021-12-16
2021-12-17,Spider-Man: No Way Home,2021,https://boxd.it/2mKesp,4.5,,,2021-12-16
2021-12-18,Spider-Man: No Way Home,2021,https://boxd.it/2mVpm5,4.5,Yes,,2021-12-17
2022-01-10,The Shrink Next Door,2021,https://boxd.it/2sCvon,3,,,2021-12-17
2021-12-19,Star Wars: Episode III – Revenge of the Sith,2005,https://boxd.it/2n7OSJ,,Yes,,2021-12-18
2021-12-21,No Time to Die,2021,https://boxd.it/2nvVpx,4,Yes,,2021-12-19
2021-12-22,South Park: Post COVID,2021,https://boxd.it/2nHV6p,,,,2021-12-21
2021-12-22,South Park: Post COVID: The Return of COVID,2021,https://boxd.it/2nIe3T,,,,2021-12-21
2021-12-24,Hawkeye,2021,https://boxd.it/2o3enh,4,,,2021-12-23
2022-01-02,It's a Wonderful Life,1946,https://boxd.it/2qzDhF,,Yes,,2021-12-23
2021-12-24,The Matrix Resurrections,2021,https://boxd.it/2o82GV,3,,,2021-12-24
2021-12-25,The Polar Express,2004,https://boxd.it/2oedUB,,Yes,,2021-12-24
2021-12-31,The Matrix Resurrections,2021,https://boxd.it/2pOmwJ,3.5,Yes,,2021-12-29
2021-12-31,Beanie Mania,2021,https://boxd.it/2pPKUx,,,,2021-12-30
2022-01-01,Far from the Tree,2021,https://boxd.it/2qdOiF,,,,2022-01-01
2022-01-01,Under the Helmet: The Legacy of Boba Fett,2021,https://boxd.it/2qdOq5,,,,2022-01-01
2022-01-06,The Story of the Faithful Wookiee,1978,https://boxd.it/2rC5NH,,Yes,,2022-01-01
2022-01-03,Speed,1994,https://boxd.it/2qS3qJ,3,Yes,,2022-01-02
2022-01-04,CODA,2021,https://boxd.it/2r9CYl,4.5,Yes,,2022-01-03
2022-01-10,Snatch,2000,https://boxd.it/2sF4H9,4,,,2022-01-09
2022-01-11,Team America: World Police,2004,https://boxd.it/2sWPfb,3.5,Yes,,2022-01-10
2022-01-16,Whiplash,2014,https://boxd.it/2udzJd,4.5,,,2022-01-15
2022-01-17,Ford v Ferrari,2019,https://boxd.it/2uw5Y1,4.5,Yes,,2022-01-16
2022-01-17,Zack Snyder's Justice League,2021,https://boxd.it/2uxL3j,4,Yes,,2022-01-17
2022-01-18,Licorice Pizza,2021,https://boxd.it/2uJ4mh,4,,,2022-01-17
2022-01-22,The Lego Movie,2014,https://boxd.it/2vyCXt,,Yes,,2022-01-19
2022-01-22,The Matrix Resurrections,2021,https://boxd.it/2vyCL3,3.5,Yes,,2022-01-21
2022-01-23,South Park: Post COVID,2021,https://boxd.it/2vNEyb,,Yes,,2022-01-22
2022-01-23,South Park: Post COVID: The Return of COVID,2021,https://boxd.it/2vNEC3,,Yes,,2022-01-22
2022-01-24,Nobody,2021,https://boxd.it/2w0xWr,3,,,2022-01-23
2022-01-31,The Super Bob Einstein Movie,2021,https://boxd.it/2xm5H7,,,,2022-01-30
2022-01-31,Blast from the Past,1999,https://boxd.it/2xnuGb,3,Yes,,2022-01-30
2022-02-07,Joe Rogan: Strange Times,2018,https://boxd.it/2yvTKd,,,,2022-02-06
2022-02-08,Home Team,2022,https://boxd.it/2ySL8L,3,,,2022-02-07
2022-02-12,Kimi,2022,https://boxd.it/2zxd1t,1.5,,,2022-02-11
2022-02-12,The Other Guys,2010,https://boxd.it/2zyMXp,4,Yes,,2022-02-11
2022-02-13,The Hunger Games,2012,https://boxd.it/2zMsGB,,Yes,,2022-02-12
2022-02-14,Licorice Pizza,2021,https://boxd.it/2zYfnv,4,Yes,,2022-02-13
2022-02-17,Inventing Anna,2022,https://boxd.it/2Aua7L,2,,,2022-02-16
2022-02-19,The Tinder Swindler,2022,https://boxd.it/2ARihP,,,,2022-02-18
2022-02-26,Tropic Thunder,2008,https://boxd.it/2C71m5,5,Yes,,2022-02-25
2022-02-27,The World's End,2013,https://boxd.it/2CiSJD,4,Yes,,2022-02-26
2022-03-01,The French Dispatch,2021,https://boxd.it/2CFHmT,,,,2022-02-28
2022-03-03,jeen-yuhs: A Kanye Trilogy,2022,https://boxd.it/2CWtHx,4,,,2022-03-02
2022-03-04,The Batman,2022,https://boxd.it/2D9pz1,3.5,,,2022-03-03
2022-03-05,The 40 Year Old Virgin,2005,https://boxd.it/2DmnjL,3.5,Yes,,2022-03-05
2022-03-06,Winter on Fire: Ukraine's Fight for Freedom,2015,https://boxd.it/2Du9r3,4,,,2022-03-05
2022-03-06,Batman Begins,2005,https://boxd.it/2DBrLJ,4.5,Yes,,2022-03-06
2022-03-11,The Hyperions,2022,https://boxd.it/2EsGf5,2,,,2022-03-10
2022-03-13,Uncle Buck,1989,https://boxd.it/2EVnsR,4.5,Yes,,2022-03-12
2022-03-17,Tropic Thunder,2008,https://boxd.it/2FFwfp,5,Yes,,2022-03-16
2022-03-17,Sixteen Candles,1984,https://boxd.it/2FFwmP,3.5,Yes,,2022-03-16
2022-03-21,The Internship,2013,https://boxd.it/2GsJx5,2.5,,,2022-03-21
2022-03-23,Star Wars: Episode I – The Phantom Menace,1999,https://boxd.it/2GMNk5,4,Yes,,2022-03-21
2022-03-26,WeCrashed,2022,https://boxd.it/2Hgpub,3,,,2022-03-25
2022-03-29,Rogue One: A Star Wars Story,2016,https://boxd.it/2HUuhr,4.5,Yes,,2022-03-28
2022-03-29,Step Brothers,2008,https://boxd.it/2HUunf,4,Yes,,2022-03-28
2022-04-04,The Bubble,2022,https://boxd.it/2IXEqj,,,,2022-04-03
2022-04-06,Return of the Jedi,1983,https://boxd.it/2JiHCT,5,Yes,,2022-04-05
2022-04-08,Sonic the Hedgehog 2,2022,https://boxd.it/2JBwKl,4,,,2022-04-07
2022-04-12,F9,2021,https://boxd.it/2KlHwL,2.5,Yes,,2022-04-11
2022-04-14,Operation Finale,2018,https://boxd.it/2KGKKN,4,,,2022-04-13
2022-04-15,Sonic the Hedgehog 2,2022,https://boxd.it/2KQmtX,4,Yes,,2022-04-14
2022-04-17,Kalashnikov AK-47,2020,https://boxd.it/2Lcp41,2,,,2022-04-16
2022-04-19,The Way Way Back,2013,https://boxd.it/2LDq6V,4,Yes,,2022-04-18
2022-04-24,The Batman,2022,https://boxd.it/2Msf0f,3.5,Yes,,2022-04-21
2022-04-23,Everything Everywhere All at Once,2022,https://boxd.it/2Mm4Ff,4.5,,,2022-04-22
2022-04-25,Uncharted,2022,https://boxd.it/2MJ1Z3,3,,,2022-04-24
2022-04-25,WeCrashed,2022,https://boxd.it/2MJJtv,3.5,Yes,,2022-04-24
2022-05-01,Star Wars: Episode II – Attack of the Clones,2002,https://boxd.it/2NK2SD,3,Yes,,2022-04-30
2022-05-11,Vertigo,1958,https://boxd.it/2PyiTr,4.5,,,2022-05-10
2022-05-11,Doctor Strange in the Multiverse of Madness,2022,https://boxd.it/2PzJkP,3.5,,,2022-05-10
2022-05-15,Operation Mincemeat,2021,https://boxd.it/2Qe7aJ,3,,,2022-05-14
2022-05-25,Mark Normand: Out To Lunch,2020,https://boxd.it/2S70oX,4,,,2022-05-24
2022-05-27,Top Gun: Maverick,2022,https://boxd.it/2Sq2q5,5,,,2022-05-26
2022-05-30,Top Gun: Maverick,2022,https://boxd.it/2SWi4N,4.5,Yes,,2022-05-29
2022-06-02,What Is a Woman?,2022,https://boxd.it/2TtaA3,,,,2022-06-02
2022-06-03,Norm Macdonald: Nothing Special,2022,https://boxd.it/2TCQYp,,,,2022-06-02
2022-06-05,Top Gun: Maverick,2022,https://boxd.it/2TYvUP,5,Yes,,2022-06-04
2022-06-06,Star Wars: The Rise of Skywalker,2019,https://boxd.it/2Ualwd,4,Yes,,2022-06-05
2022-06-07,Looper,2012,https://boxd.it/2UjZPH,3.5,Yes,,2022-06-06
2022-06-18,Mr. Bean's Holiday,2007,https://boxd.it/2Wfov1,4,Yes,,2022-06-17
2022-06-20,Lightyear,2022,https://boxd.it/2WKCHR,1.5,,,2022-06-20
2022-06-22,Obi-Wan Kenobi,2022,https://boxd.it/2X7jOb,2.5,,,2022-06-22
2022-06-24,The Northman,2022,https://boxd.it/2XrC0z,3.5,,,2022-06-23
2022-06-27,Mission: Impossible – Ghost Protocol,2011,https://boxd.it/2Y0XGr,4,Yes,,2022-06-26
2022-06-30,Chef,2014,https://boxd.it/2YAt3r,5,Yes,,2022-06-29
2022-07-02,Ferris Bueller's Day Off,1986,https://boxd.it/2YS8sB,4.5,Yes,,2022-07-01
2022-07-08,Obi-Wan Kenobi,2022,https://boxd.it/2ZZ2NV,,Yes,,2022-07-07
2022-07-11,Shazam!,2019,https://boxd.it/30IS73,4,Yes,,2022-07-10
2022-07-18,RRR,2022,https://boxd.it/328Cy9,4,,,2022-07-17
2022-07-22,A Night at the Roxbury,1998,https://boxd.it/32Su2h,,,,2022-07-21
2022-07-25,Baby Driver,2017,https://boxd.it/33zJs1,4.5,Yes,,2022-07-24
2022-07-29,Spy,2015,https://boxd.it/34GXLJ,3,Yes,,2022-07-28
2022-07-29,Moneyball,2011,https://boxd.it/34GXYj,4,,,2022-07-28
2022-07-31,Once Upon a Time... in Hollywood,2019,https://boxd.it/356T9j,5,Yes,,2022-07-30
2022-08-07,Chernobyl: The Lost Tapes,2022,https://boxd.it/36sHqF,4,,,2022-08-06
2022-08-08,Captain Marvel,2019,https://boxd.it/36QEvF,3,Yes,,2022-08-07
2022-08-12,Star Trek,2009,https://boxd.it/37x8yj,4.5,Yes,,2022-08-10
2022-08-12,The Web,2013,https://boxd.it/37Esqj,,Yes,,2022-08-12
2022-08-13,Uncharted,2022,https://boxd.it/37PKxJ,3,Yes,,2022-08-12
2022-08-16,Elvis,2022,https://boxd.it/38xdBL,3.5,,,2022-08-15
2022-08-21,Day Shift,2022,https://boxd.it/39uD4L,3.5,,,2022-08-20
2022-08-23,Logan's Run,1976,https://boxd.it/39Tv0r,4,Yes,,2022-08-22
2022-08-27,Step Brothers,2008,https://boxd.it/3atIph,4,Yes,,2022-08-25
2022-08-27,Knives Out,2019,https://boxd.it/3aBj53,4,Yes,,2022-08-26
2022-08-28,El Camino: A Breaking Bad Movie,2019,https://boxd.it/3aLGo3,3,Yes,,2022-08-27
2022-08-29,The Lincoln Lawyer,2011,https://boxd.it/3aXTyJ,3.5,,,2022-08-28
2022-09-03,Bullet Train,2022,https://boxd.it/3bUbe9,3.5,,,2022-09-02
2022-09-11,Iron Man,2008,https://boxd.it/3dlq6n,5,Yes,,2022-09-10
2022-09-12,Marcel the Shell with Shoes On,2021,https://boxd.it/3dDcZp,3.5,,,2022-09-11
2022-09-13,Vengeance,2022,https://boxd.it/3dMEJ3,3.5,,,2022-09-12
2022-09-15,Fahrenheit 451,1966,https://boxd.it/3e7DcT,4,Yes,,2022-09-14
2022-09-22,Mark Normand: Out To Lunch,2020,https://boxd.it/3frZdt,4,Yes,,2022-09-21
2022-09-22,"Confess, Fletch",2022,https://boxd.it/3fvllb,3,,,2022-09-21
2022-09-29,Blonde,2022,https://boxd.it/3gRIHn,1,,,2022-09-29
2022-10-04,The Backrooms (Found Footage),2022,https://boxd.it/3hVotH,,,,2022-10-03
2022-10-06,Sonic the Hedgehog 2,2022,https://boxd.it/3il9an,4,Yes,,2022-10-05
2022-10-11,Forgetting Sarah Marshall,2008,https://boxd.it/3jqGfp,4.5,Yes,,2022-10-10
2022-10-14,Austin Powers: International Man of Mystery,1997,https://boxd.it/3k1E3P,,,,2022-10-13
2022-10-15,Frankenweenie,1984,https://boxd.it/3kf7Zp,3.5,Yes,,2022-10-14
2022-10-24,Edward Scissorhands,1990,https://boxd.it/3mbkFd,4,Yes,,2022-10-23
2022-10-25,The Watcher,2022,https://boxd.it/3mjUqJ,0.5,,,2022-10-24
2022-10-28,Bullet Train,2022,https://boxd.it/3mXjnX,4,Yes,,2022-10-27
2022-10-29,Steve Jobs,2015,https://boxd.it/3ndbqL,5,Yes,,2022-10-28
2022-10-30,Sleeping with Other People,2015,https://boxd.it/3nmDnX,4,Yes,,2022-10-29
2022-11-02,Top Gun: Maverick,2022,https://boxd.it/3o9iWZ,5,Yes,,2022-11-01
2022-11-07,Weird: The Al Yankovic Story,2022,https://boxd.it/3pj8Dn,3.5,,,2022-11-07
2022-11-10,Rat Race,2001,https://boxd.it/3pOUVL,,Yes,,2022-11-09
2022-11-14,Zen - Grogu and Dust Bunnies,2022,https://boxd.it/3qHd5d,2,,,2022-11-13
2022-11-18,A Christmas Story Christmas,2022,https://boxd.it/3rtwMh,3,,,2022-11-17
2022-11-21,Solo: A Star Wars Story,2018,https://boxd.it/3s5p2n,3,Yes,,2022-11-20
2022-11-22,Disney Channel's Theme: A History Mystery,2022,https://boxd.it/3soED7,5,,,2022-11-22
2022-11-26,Glass Onion,2022,https://boxd.it/3tbaUb,3.5,,,2022-11-26
2022-11-27,The Menu,2022,https://boxd.it/3tqB1R,2,,,2022-11-26
2022-11-28,The Guardians of the Galaxy Holiday Special,2022,https://boxd.it/3tDXT3,3.5,,,2022-11-27
2022-12-04,A Christmas Story,1983,https://boxd.it/3uQxV3,5,Yes,,2022-12-04
2022-12-13,How the Grinch Stole Christmas,2000,https://boxd.it/3wKFdT,3.5,Yes,,2022-12-10
2022-12-13,National Lampoon's Christmas Vacation,1989,https://boxd.it/3wKFy3,4,Yes,,2022-12-11
2022-12-16,Jingle All the Way,1996,https://boxd.it/3xoEb3,,Yes,,2022-12-15
2022-12-18,Seinfeld: How It Began,2004,https://boxd.it/3xXLph,4,,,2022-12-17
2022-12-19,Avatar: The Way of Water,2022,https://boxd.it/3xYgiL,4,,,2022-12-18
2022-12-19,It's a Wonderful Life,1946,https://boxd.it/3yaQeT,5,Yes,,2022-12-18
2022-12-27,Fall,2022,https://boxd.it/3AEhp1,1.5,,,2022-12-26
2023-01-05,Along Came Polly,2004,https://boxd.it/3EfKMT,,,,2023-01-04
2023-01-08,The Dark Knight,2008,https://boxd.it/3FnT0f,5,Yes,,2023-01-07
2023-01-10,The Dark Knight Rises,2012,https://boxd.it/3GfZXb,5,Yes,,2023-01-09
2023-01-15,The Banshees of Inisherin,2022,https://boxd.it/3HY3dN,4.5,,,2023-01-14
2023-01-16,Harry Potter and the Goblet of Fire,2005,https://boxd.it/3Ip0QV,3.5,Yes,,2023-01-15
2023-01-17,The Hatchet Wielding Hitchhiker,2023,https://boxd.it/3IAf03,2,,,2023-01-16
2023-01-28,Raiders of the Lost Ark,1981,https://boxd.it/3M54jx,4.5,Yes,,2023-01-27
2023-02-04,The Fabelmans,2022,https://boxd.it/3OffXV,3.5,,,2023-02-04
2023-02-05,The Banshees of Inisherin,2022,https://boxd.it/3OyNwH,4.5,Yes,,2023-02-04
2023-02-06,Indiana Jones and the Temple of Doom,1984,https://boxd.it/3OSU17,3,Yes,,2023-02-05
2023-02-16,Napoleon Dynamite,2004,https://boxd.it/3RubUl,4.5,Yes,,2023-02-13
2023-02-18,Blast from the Past,1999,https://boxd.it/3S9uKh,3.5,Yes,,2023-02-17
2023-02-19,Baby Driver,2017,https://boxd.it/3SjKYf,4.5,Yes,,2023-02-18
2023-02-23,"I, Robot",2004,https://boxd.it/3TCWED,3.5,Yes,,2023-02-22
2023-02-23,Lilo & Stitch,2002,https://boxd.it/3TEoMH,4,Yes,,2023-02-22
2023-02-24,Tropic Thunder,2008,https://boxd.it/3TSSpB,4.5,Yes,,2023-02-23
2023-02-26,The Founder,2016,https://boxd.it/3Uw6Cx,3.5,Yes,,2023-02-26
2023-03-04,Demon Slayer: Kimetsu no Yaiba -To the Swordsmith Village-,2023,https://boxd.it/3W4ep9,1,,,2023-03-03
2023-03-18,Chris Rock: Selective Outrage,2023,https://boxd.it/3ZVqkt,,,,2023-03-05
2023-03-08,Indiana Jones and the Last Crusade,1989,https://boxd.it/3X7x0H,4.5,Yes,,2023-03-06
2023-03-10,MH370: The Plane That Disappeared,2023,https://boxd.it/3XDQX3,2,,,2023-03-09
2023-03-14,Band of Brothers,2001,https://boxd.it/3YYq8p,5,,,2023-03-14
2023-03-16,Turbo,2013,https://boxd.it/3ZrXRF,,,,2023-03-15
2023-03-17,Star Trek Into Darkness,2013,https://boxd.it/3ZBkoJ,4.5,Yes,,2023-03-16
2023-03-17,Shazam! Fury of the Gods,2023,https://boxd.it/3ZG7Ep,3.5,,,2023-03-16
2023-03-20,The Whale,2022,https://boxd.it/40ueZJ,3,,,2023-03-19
2023-03-25,John Wick: Chapter 4,2023,https://boxd.it/41NlIn,4.5,,,2023-03-24
2023-03-27,The Pacific,2010,https://boxd.it/42jmtx,4,,,2023-03-26
2023-03-29,Willy Wonka & the Chocolate Factory,1971,https://boxd.it/42SY4P,4,Yes,,2023-03-28
2023-04-01,Tetris,2023,https://boxd.it/43CKsv,4,,,2023-03-31
2023-04-02,One More Time,1931,https://boxd.it/43OOR9,,,,2023-04-01
2023-04-08,The Super Mario Bros. Movie,2023,https://boxd.it/45DNj7,3.5,,,2023-04-07
2023-04-09,Tetris,2023,https://boxd.it/45ZjLp,4,Yes,,2023-04-08
2023-04-15,Insomnia,2002,https://boxd.it/47AbZV,3.5,Yes,,2023-04-14
2023-04-15,Suzume,2022,https://boxd.it/47DvHt,4.5,,,2023-04-14
2023-04-16,School of Rock,2003,https://boxd.it/47YigV,4,Yes,,2023-04-16
2023-04-18,The Waterboy,1998,https://boxd.it/48u5cb,,Yes,,2023-04-17
2023-04-22,Air,2023,https://boxd.it/49rvrf,3.5,,,2023-04-21
2023-04-29,John Mulaney: Baby J,2023,https://boxd.it/4be2TL,,,,2023-04-28
2023-04-29,Ghosted,2023,https://boxd.it/4bfOjD,1.5,,,2023-04-28
2023-05-02,Return of the Jedi,1983,https://boxd.it/4cbZ2f,5,Yes,,2023-05-01
2023-05-06,Guardians of the Galaxy Vol. 3,2023,https://boxd.it/4dgE1T,4.5,,,2023-05-05
2023-05-08,One Minute Time Machine,2014,https://boxd.it/4dTA69,,,,2023-05-07
2023-05-09,American Manhunt: The Boston Marathon Bombing,2023,https://boxd.it/4e1IZx,3.5,,,2023-05-08
2023-05-10,Guy Ritchie's The Covenant,2023,https://boxd.it/4emDAT,3.5,,,2023-05-09
2023-05-15,The Benchwarmers,2006,https://boxd.it/4fu3v9,,Yes,,2023-05-14
2023-05-20,Fast X,2023,https://boxd.it/4gDNNv,3,,,2023-05-19
2023-06-03,Sisu,2022,https://boxd.it/4ke5WT,2,,,2023-06-02
2023-06-11,Spider-Man: Across the Spider-Verse,2023,https://boxd.it/4mqXAJ,4,,,2023-06-10
2023-06-12,Spy Kids 3-D: Game Over,2003,https://boxd.it/4mLLdb,,,,2023-06-11
2023-06-16,BlackBerry,2023,https://boxd.it/4nMa0l,4,,,2023-06-15
2023-06-17,Lisa: Steve Jobs’ sabotage and Apple’s secret burial,2023,https://boxd.it/4nSfll,1,,,2023-06-16
2023-06-19,Black Mirror: Joan Is Awful,2023,https://boxd.it/4oAde1,,,,2023-06-17
2023-06-19,Black Mirror: Loch Henry,2023,https://boxd.it/4oAdv7,,,,2023-06-18
2023-06-19,Black Mirror: Beyond the Sea,2023,https://boxd.it/4oAdQp,,,,2023-06-18
2023-06-19,Black Mirror: Mazey Day,2023,https://boxd.it/4oAea5,,,,2023-06-18
2023-06-19,Cocaine Bear,2023,https://boxd.it/4oGwXV,2.5,,,2023-06-18
2023-06-25,Asteroid City,2023,https://boxd.it/4qkjDn,2.5,,,2023-06-24
2023-06-27,The Island,2005,https://boxd.it/4qVSNh,3.5,Yes,,2023-06-26
2023-07-01,Indiana Jones and the Dial of Destiny,2023,https://boxd.it/4rXGFD,2,,,2023-06-30
2023-07-03,Once Upon a Time... in Hollywood,2019,https://boxd.it/4sHUDj,5,Yes,,2023-07-02
2023-07-14,Mission: Impossible – Dead Reckoning,2023,https://boxd.it/4w02VN,4,,,2023-07-13
2023-07-25,"Good Morning, Vietnam",1987,https://boxd.it/4zQIfF,4,Yes,,2023-07-18
2023-07-21,Oppenheimer,2023,https://boxd.it/4ycvqh,4.5,,,2023-07-20
2023-07-25,Ri¢hie Ri¢h,1994,https://boxd.it/4A85nB,,Yes,,2023-07-25
2023-07-31,Oppenheimer,2023,https://boxd.it/4CsElX,4.5,Yes,,2023-07-30
2023-08-12,Utah Beach - Victory in the Sand,2012,https://boxd.it/4Gu0Ft,,,,2023-08-12
2023-08-17,The Imitation Game,2014,https://boxd.it/4HZAEx,4,,,2023-08-16
2023-08-23,Out of Love,2014,https://boxd.it/4K04JP,,,,2023-08-22
2023-08-27,Barbie,2023,https://boxd.it/4L9bwb,3.5,,,2023-08-26
2023-08-30,Top Gun: Maverick,2022,https://boxd.it/4M4UUB,5,Yes,,2023-08-29
2023-09-04,Free Guy,2021,https://boxd.it/4NDbKF,3.5,Yes,,2023-09-03
2023-09-13,The Greatest Beer Run Ever,2022,https://boxd.it/4QdAyf,3,,,2023-09-12
2023-09-22,Doom,2005,https://boxd.it/4SEXIJ,2.5,,,2023-09-21
2023-09-24,13 Hours: The Secret Soldiers of Benghazi,2016,https://boxd.it/4TeVKZ,4,Yes,,2023-09-23
2023-09-28,The Machine,2023,https://boxd.it/4Ujsxr,3,,,2023-09-27
2023-09-30,Whiplash,2014,https://boxd.it/4UTwYD,4.5,Yes,,2023-09-29
2023-09-30,Shane Gillis: Beautiful Dogs,2023,https://boxd.it/4UUB51,,,,2023-09-29
2023-09-30,The Creator,2023,https://boxd.it/4UYKDf,3,,,2023-09-29
2023-10-03,Gran Turismo,2023,https://boxd.it/4W76ff,4,,,2023-10-02
2023-10-06,"nothing, except everything.",2023,https://boxd.it/4X0G7B,4.5,Yes,,2023-10-05
2023-10-09,The Rat Catcher,2023,https://boxd.it/4Y7z7H,,,,2023-10-09
2023-10-10,J. Edgar,2011,https://boxd.it/4Yq6hV,2.5,,,2023-10-09
2023-10-11,Forgetting Sarah Marshall,2008,https://boxd.it/4YMnSD,4.5,Yes,,2023-10-10
2023-10-19,Interstellar,2014,https://boxd.it/51dKHl,5,Yes,,2023-10-18
2023-11-01,Whiplash,2013,https://boxd.it/55E8WH,3.5,,,2023-10-31
2023-11-02,Shaun of the Dead,2004,https://boxd.it/568kG7,4.5,Yes,,2023-11-02
2023-11-05,Charlie and the Chocolate Factory,2005,https://boxd.it/579Ip1,3,,,2023-11-04
2023-11-09,The Suicide Squad,2021,https://boxd.it/58nZIr,3,Yes,,2023-11-08
2023-11-12,The Holdovers,2023,https://boxd.it/59jAPX,4.5,,,2023-11-11
2023-11-21,Wayne's World,1992,https://boxd.it/5c2OYx,4,Yes,,2023-11-20
2023-11-21,Rush,2013,https://boxd.it/5c5dRZ,5,Yes,,2023-11-20
2023-11-23,Napoleon,2023,https://boxd.it/5cQoqz,3.5,,,2023-11-22
2023-11-27,Gladiator,2000,https://boxd.it/5epr09,4.5,Yes,,2023-11-27
2023-12-09,Death and Ramen,2022,https://boxd.it/5icGuX,,,,2023-12-08
2023-12-11,Barbie,2023,https://boxd.it/5j62Mf,3.5,Yes,,2023-12-10
2023-12-14,The Boy and the Heron,2023,https://boxd.it/5k48d1,3.5,,,2023-12-13
2023-12-23,Rebel Moon – Part One: A Child of Fire,2023,https://boxd.it/5nrgpR,1,,,2023-12-22
2023-12-24,The Holdovers,2023,https://boxd.it/5nXjKd,4,Yes,,2023-12-23
2023-12-25,Die Hard,1988,https://boxd.it/5opcgB,4.5,Yes,,2023-12-24
2023-12-31,Office Space,1999,https://boxd.it/5rGp3h,4.5,Yes,,2023-12-30
2023-12-31,Superman II: The Richard Donner Cut,2006,https://boxd.it/5rOez3,3.5,Yes,,2023-12-30
2024-01-06,Steamboat Willie,1928,https://boxd.it/5vhCq5,,Yes,,2024-01-01
2024-01-06,Plane Crazy,1928,https://boxd.it/5vhBfl,,,,2024-01-05
2024-01-07,Get a Horse!,2013,https://boxd.it/5wxQsb,4,,,2024-01-06
2024-01-13,The Lord of the Rings: The Fellowship of the Ring,2001,https://boxd.it/5zWG2f,5,Yes,,2024-01-12
2024-01-13,The Lord of the Rings: The Two Towers,2002,https://boxd.it/5zZB1R,4,Yes,,2024-01-13
2024-01-14,The Lord of the Rings: The Return of the King,2003,https://boxd.it/5ADFkN,5,Yes,,2024-01-14
2024-01-17,Attack of the Doc!,2023,https://boxd.it/5BX6oz,4,,,2024-01-16
2024-01-19,Edge of Tomorrow,2014,https://boxd.it/5DaPGj,4,Yes,,2024-01-18
2024-01-20,Killers of the Flower Moon,2023,https://boxd.it/5DGruR,4,,,2024-01-20
2024-02-11,The Lord of the Rings: The Fellowship of the Ring,2001,https://boxd.it/5O3f8P,5,Yes,,2024-02-09
2024-02-11,The Lord of the Rings: The Return of the King,2003,https://boxd.it/5O3kyD,5,Yes,,2024-02-10
2024-02-17,Dune,2021,https://boxd.it/5QPoS7,5,Yes,,2024-02-16
2024-02-26,Dune: Part Two,2024,https://boxd.it/5VacL7,5,,,2024-02-25
2024-03-02,Blade Runner 2049,2017,https://boxd.it/5XhFSt,4.5,Yes,,2024-03-01
2024-03-07,Masters of the Air,2024,https://boxd.it/5ZM0VL,4.5,,,2024-03-06
2024-03-16,Masters of the Air,2024,https://boxd.it/63UjdF,5,Yes,,2024-03-15
2024-03-16,The Bloody Hundredth,2024,https://boxd.it/63VpjV,,,,2024-03-16
2024-03-17,American Fiction,2023,https://boxd.it/64cJKh,3.5,,,2024-03-16
2024-03-20,Shōgun,2024,https://boxd.it/65PcyJ,,,,2024-03-19
2024-03-23,The Zone of Interest,2023,https://boxd.it/675oKX,3,,,2024-03-22
2024-03-23,One Life,2023,https://boxd.it/676Afp,4.5,,,2024-03-23
2024-03-31,The Spider Within: A Spider-Verse Story,2023,https://boxd.it/6aKerv,,,,2024-03-30
2024-03-31,True Lies,1994,https://boxd.it/6aNxh1,4,Yes,,2024-03-30
2024-04-11,Comet,2014,https://boxd.it/6fSkgf,2.5,,,2024-04-10
2024-04-16,"nothing, except everything.",2023,https://boxd.it/6hRsDR,3,Yes,,2024-04-15
2024-04-23,Shōgun,2024,https://boxd.it/6kCnvb,4,Yes,,2024-04-22
2024-04-30,The Ministry of Ungentlemanly Warfare,2024,https://boxd.it/6nt7Tb,3,,,2024-04-29
2024-05-07,Big Fat Liar,2002,https://boxd.it/6qoIEz,,Yes,,2024-05-03
2024-05-06,Star Wars: Episode I – The Phantom Menace,1999,https://boxd.it/6q8T8x,3.5,Yes,,2024-05-05
2024-05-07,Challengers,2024,https://boxd.it/6qzXx1,3.5,,,2024-05-06
2024-05-25,South Park: The End of Obesity,2024,https://boxd.it/6xw9KV,,,,2024-05-24
2024-06-10,Avengers: Infinity War,2018,https://boxd.it/6E779V,4.5,Yes,,2024-06-08
2024-06-10,Avengers: Endgame,2019,https://boxd.it/6Eapg7,5,Yes,,2024-06-09
2024-06-16,Furiosa: A Mad Max Saga,2024,https://boxd.it/6GC0HV,3.5,,,2024-06-15
2024-06-29,WarGames,1983,https://boxd.it/6Lq5ZB,4,Yes,,2024-06-23
2024-07-05,Argylle,2024,https://boxd.it/6Oefyt,2.5,,,2024-07-04
2024-07-09,Star Wars: Clone Wars,2003,https://boxd.it/6PSL87,,Yes,,2024-07-08
2024-07-12,BlackBerry,2023,https://boxd.it/6R4SHB,3.5,Yes,,2024-07-11
2024-07-12,Ferrari,2023,https://boxd.it/6Rgeib,4,,,2024-07-12
2024-07-21,2001: A Space Odyssey,1968,https://boxd.it/6V88b9,5,Yes,,2024-07-20
2024-07-27,Deadpool & Wolverine,2024,https://boxd.it/6Y9NmL,3.5,,,2024-07-26
2024-08-06,Bad Boys: Ride or Die,2024,https://boxd.it/72CuhB,3,,,2024-08-06
2024-08-18,Rise of the Planet of the Apes,2011,https://boxd.it/77CrgP,3.5,Yes,,2024-08-15
2024-08-27,Hideo Kojima: Connecting Worlds,2023,https://boxd.it/7cdMH3,3.5,,,2024-08-26
2024-09-06,National Lampoon's Vacation,1983,https://boxd.it/7grppT,,Yes,,2024-09-05
2024-09-11,Lilo & Stitch,2002,https://boxd.it/7j106H,4.5,Yes,,2024-09-10
2024-09-13,Big Daddy,1999,https://boxd.it/7jMIKP,4,Yes,,2024-09-11
2024-09-23,Robot Dreams,2023,https://boxd.it/7omuOh,4,,,2024-09-22
2024-09-27,White Chicks,2004,https://boxd.it/7pDT6d,2,,,2024-09-25
2024-09-27,Steve Jobs,2015,https://boxd.it/7pWzSz,5,Yes,,2024-09-26
2024-10-03,The Interview,2014,https://boxd.it/7snMpn,4,Yes,,2024-09-29
2024-10-03,Elvis,2022,https://boxd.it/7sEkFh,4,Yes,,2024-10-02
2024-10-06,Wolfs,2024,https://boxd.it/7u1AtB,3.5,,,2024-10-05
2024-10-07,Megalopolis,2024,https://boxd.it/7uw8Jj,2.5,,,2024-10-06
2024-10-10,Money Electric: The Bitcoin Mystery,2024,https://boxd.it/7vMFWL,,,,2024-10-08
2024-10-11,Last Night in Soho,2021,https://boxd.it/7wu92f,4,Yes,,2024-10-10
2025-02-22,Submerged,2024,https://boxd.it/8UM1A9,2.5,,,2024-10-10
2024-10-13,Re-Animator,1985,https://boxd.it/7xoQfj,3.5,,,2024-10-12
2024-10-26,Rap World,2024,https://boxd.it/7DOCTb,3,,,2024-10-25
2024-11-03,Saturday Night,2024,https://boxd.it/7IuzY3,4,,,2024-11-02
2024-12-10,The Fifth Element,1997,https://boxd.it/80RzLr,4.5,Yes,,2024-12-09
2024-12-14,Harry Potter and the Philosopher's Stone,2001,https://boxd.it/82ZOmF,4,Yes,,2024-12-13
2024-12-15,Harry Potter and the Chamber of Secrets,2002,https://boxd.it/83BaGh,3.5,Yes,,2024-12-14
2024-12-15,Harry Potter and the Prisoner of Azkaban,2004,https://boxd.it/83Bbb5,4,Yes,,2024-12-14
2024-12-15,Harry Potter and the Goblet of Fire,2005,https://boxd.it/83CDI9,3.5,Yes,,2024-12-15
2024-12-16,Interstellar,2014,https://boxd.it/849kDl,5,Yes,"10yearAnniversary, imax",2024-12-15
2024-12-16,Harry Potter and the Half-Blood Prince,2009,https://boxd.it/84epB5,4,Yes,,2024-12-15
2024-12-17,Harry Potter and the Deathly Hallows: Part 1,2010,https://boxd.it/84J0V7,3.5,Yes,,2024-12-16
2024-12-17,Harry Potter and the Deathly Hallows: Part 2,2011,https://boxd.it/84LpoV,4,Yes,,2024-12-16
2024-12-20,Uncle Buck,1989,https://boxd.it/86k5nn,4.5,Yes,,2024-12-19
2024-12-21,Juror #2,2024,https://boxd.it/86Sftj,3.5,,,2024-12-20
2024-12-25,How the Grinch Stole Christmas,2000,https://boxd.it/89JhoJ,3,Yes,,2024-12-24
2024-12-25,The Guardians of the Galaxy Holiday Special,2022,https://boxd.it/89JiiH,3.5,Yes,,2024-12-24
2024-12-28,Sonic the Hedgehog 3,2024,https://boxd.it/8ciUit,2.5,,,2024-12-27
2025-01-03,Starship Troopers,1997,https://boxd.it/8hrT6p,4,,,2025-01-02
2025-01-04,A Grand Day Out,1989,https://boxd.it/8jc3dh,4.5,,,2025-01-03
2025-01-05,Mission: Impossible III,2006,https://boxd.it/8kjkR7,3.5,Yes,,2025-01-04
2025-01-11,Mission: Impossible – Ghost Protocol,2011,https://boxd.it/8q6WoP,3.5,Yes,,2025-01-08
2025-01-11,Hillbilly Elegy,2020,https://boxd.it/8qhwVP,3,,,2025-01-10
2025-01-12,Mission: Impossible – Rogue Nation,2015,https://boxd.it/8rsCYL,4,Yes,,2025-01-11
2025-01-20,Mission: Impossible – Fallout,2018,https://boxd.it/8xsOSp,4,Yes,,2025-01-18
2025-01-21,Mission: Impossible – Dead Reckoning,2023,https://boxd.it/8yMs1H,4,Yes,,2025-01-20
2025-01-29,The Internet's Own Boy: The Story of Aaron Swartz,2014,https://boxd.it/8EM9o7,4,,,2025-01-28
2025-02-15,Captain Phillips,2013,https://boxd.it/8Q6Z9n,4,Yes,,2025-02-14
2025-02-16,Johnny English,2003,https://boxd.it/8QnWgp,3.5,Yes,,2025-02-15
2025-03-17,Flight,2012,https://boxd.it/99qGP1,3.5,Yes,,2025-03-16
2025-03-22,Interstellar,2014,https://boxd.it/9bZQ3f,5,Yes,,2025-03-21
2025-03-29,Rainier: A Beer Odyssey,2024,https://boxd.it/9g53uz,4,,,2025-03-28
2025-03-30,Spider-Man 2,2004,https://boxd.it/9gOJWF,4.5,Yes,,2025-03-29
2025-04-07,TRON: Legacy,2010,https://boxd.it/9laSyR,4,Yes,,2025-04-06
2025-04-10,Kill Tony: Kill or Be Killed,2025,https://boxd.it/9mW4c7,,,,2025-04-09
2025-04-12,Tron,1982,https://boxd.it/9nFqR7,3.5,Yes,,2025-04-11
2025-04-12,Adam Ray Is Dr. Phil UNLEASHED,2024,https://boxd.it/9nLHdl,,,,2025-04-11
2025-04-12,Warfare,2025,https://boxd.it/9nTvk1,4.5,,,2025-04-11
2025-04-28,Star Wars: Episode III – Revenge of the Sith,2005,https://boxd.it/9xOhTB,4,Yes,"20thanniversary, theatrical rerelease, re-release",2025-04-27
2025-05-11,Black Bag,2025,https://boxd.it/9FenUl,3.5,,,2025-05-10
2025-05-26,Mission: Impossible – The Final Reckoning,2025,https://boxd.it/9NPJXn,4,,,2025-05-23
2025-05-26,Lilo & Stitch,2025,https://boxd.it/9ObgR5,3.5,,,2025-05-25
2025-06-23,Steve Jobs,2015,https://boxd.it/a5M06T,5,Yes,,2025-06-22
2025-06-23,Argo,2012,https://boxd.it/a5SrPD,4.5,Yes,,2025-06-22
2025-06-24,Die Hard With a Vengeance,1995,https://boxd.it/a6iLOR,4,Yes,,2025-06-23
2025-06-24,F1,2025,https://boxd.it/a6wJCH,4.5,,,2025-06-23
2025-06-25,Star Trek Into Darkness,2013,https://boxd.it/a7eIU9,4.5,Yes,,2025-06-24
2025-06-30,Operation Finale,2018,https://boxd.it/aay8Ap,4,Yes,,2025-06-29
2025-07-05,Independence Day,1996,https://boxd.it/ady093,4,Yes,,2025-07-04
2025-07-20,Superman,2025,https://boxd.it/aovFq3,4,,,2025-07-18
2025-07-20,Friendship,2024,https://boxd.it/ap1lIZ,2,,,2025-07-19
2025-07-23,28 Years Later,2025,https://boxd.it/aruS9z,4,,,2025-07-22
2025-07-26,Happy Gilmore 2,2025,https://boxd.it/atVAXt,3,,,2025-07-25
2025-08-01,Anora,2024,https://boxd.it/ayD2et,3.5,,,2025-07-31
