Date,Name,Year,Letterboxd URI,Rating
2019-04-23,Unplanned,2019,https://boxd.it/lacs,4
2019-06-03,Godzilla: King of the Monsters,2019,https://boxd.it/cY7Y,3
2019-06-03,The Perfect Date,2019,https://boxd.it/jP9A,2.5
2019-06-18,Pineapple Express,2008,https://boxd.it/1WRS,4
2019-07-03,Spider-Man: Far From Home,2019,https://boxd.it/fegG,5
2019-07-15,Yesterday,2019,https://boxd.it/iF7M,4
2019-07-15,Logan Lucky,2017,https://boxd.it/dZrs,4
2019-07-19,Hot Rod,2007,https://boxd.it/1X9C,4.5
2019-07-24,The Lion King,2019,https://boxd.it/eSjI,4
2019-07-30,Once Upon a Time... in Hollywood,2019,https://boxd.it/gH0O,5
2019-08-11,Inglourious Basterds,2009,https://boxd.it/1JzG,5
2019-08-11,50/50,2011,https://boxd.it/10Tw,3.5
2019-08-12,Rain Man,1988,https://boxd.it/2avw,4.5
2019-10-02,Dave Chappelle: Sticks & Stones,2019,https://boxd.it/n8fy,4
2019-10-02,Ad Astra,2019,https://boxd.it/ePzI,3.5
2019-10-13,What If,2013,https://boxd.it/6ljk,3
2019-11-12,Interstellar,2014,https://boxd.it/4VZ8,5
2019-11-27,Knives Out,2019,https://boxd.it/jWEA,4.5
2019-12-01,Kill Bill: Vol. 1,2003,https://boxd.it/70w,4.5
2019-12-01,Star Wars: Episode II – Attack of the Clones,2002,https://boxd.it/27V2,2.5
2019-12-01,Kill Bill: Vol. 2,2004,https://boxd.it/2au4,5
2019-12-08,Noelle,2019,https://boxd.it/gdzE,3
2019-12-15,A Beautiful Day in the Neighborhood,2019,https://boxd.it/i7vA,5
2019-12-27,It's a Wonderful Life,1946,https://boxd.it/28xA,5
2019-12-27,Star Wars,1977,https://boxd.it/72s,5
2019-12-27,The Empire Strikes Back,1980,https://boxd.it/27Vw,5
2019-12-28,Sunshine,2007,https://boxd.it/28Xy,4
2020-01-11,Uncut Gems,2019,https://boxd.it/gXGc,5
2020-01-12,Marriage Story,2019,https://boxd.it/hJAw,4
2020-01-12,1917,2019,https://boxd.it/jj4y,5
2020-01-19,Jojo Rabbit,2019,https://boxd.it/iEBG,4
2020-02-10,Parasite,2019,https://boxd.it/hTha,5
2020-02-15,Sonic the Hedgehog,2020,https://boxd.it/gdK8,4
2020-02-17,To All the Boys: P.S. I Still Love You,2020,https://boxd.it/kJny,3
2020-03-06,The Peanut Butter Falcon,2019,https://boxd.it/gzu2,4.5
2020-03-09,Toy Story 4,2019,https://boxd.it/9ALu,3.5
2020-03-13,Yes Man,2008,https://boxd.it/1WPW,3
2020-03-15,Vice,2018,https://boxd.it/fcFY,3.5
2020-03-15,Better Off Dead...,1985,https://boxd.it/1PFU,3.5
2020-03-29,Django Unchained,2012,https://boxd.it/2cCk,4.5
2020-04-06,Tiger King,2020,https://boxd.it/pzj2,4
2020-04-06,I Still Believe,2020,https://boxd.it/lwEe,4
2020-04-23,The World's End,2013,https://boxd.it/3EiO,4
2020-05-04,The Lord of the Rings: The Fellowship of the Ring,2001,https://boxd.it/2b5O,5
2020-05-04,The Lord of the Rings: The Two Towers,2002,https://boxd.it/2b5E,5
2020-05-04,The Lord of the Rings: The Return of the King,2003,https://boxd.it/2b5u,5
2020-05-04,Extraction,2020,https://boxd.it/jUjA,3.5
2020-05-09,Back to the Future,1985,https://boxd.it/2b8e,5
2020-05-18,Let It Snow,2019,https://boxd.it/9kKg,2
2020-05-18,The Gentlemen,2019,https://boxd.it/iYBQ,4
2020-05-18,Return of the Jedi,1983,https://boxd.it/27Vm,5
2020-06-01,No Country for Old Men,2007,https://boxd.it/21ew,4
2020-06-01,"I Love You, Man",2009,https://boxd.it/1JZu,4
2020-06-07,The Disaster Artist,2017,https://boxd.it/cTqc,4.5
2020-06-07,The Wrong Missy,2020,https://boxd.it/lqnG,2.5
2020-06-14,Lady Bird,2017,https://boxd.it/dGNE,4
2020-06-21,Killing Gunther,2017,https://boxd.it/exNW,1.5
2020-06-27,Steve Jobs,2015,https://boxd.it/araG,4.5
2020-07-06,The Wolf of Wall Street,2013,https://boxd.it/3C1m,4.5
2020-07-12,Jumanji: Welcome to the Jungle,2017,https://boxd.it/bUeE,4
2020-07-12,Palm Springs,2020,https://boxd.it/lCXQ,4
2020-07-18,The Dark Knight Rises,2012,https://boxd.it/H3m,5
2020-07-18,John Wick,2014,https://boxd.it/7dEc,4.5
2020-07-19,The Hateful Eight,2015,https://boxd.it/8gw8,4.5
2020-08-02,Juno,2007,https://boxd.it/210a,5
2020-08-15,Failure to Launch,2006,https://boxd.it/21lW,2.5
2020-09-01,Tenet,2020,https://boxd.it/leq4,5
2020-09-12,The Founder,2016,https://boxd.it/9XwM,4
2020-10-31,Horrible Bosses,2011,https://boxd.it/Ba2,3
2021-01-31,The Little Things,2021,https://boxd.it/mdxU,2.5
2021-02-01,The Firm,1993,https://boxd.it/18JY,4
2021-02-14,Mamma Mia!,2008,https://boxd.it/1Tnq,2.5
2021-02-15,Mamma Mia! Here We Go Again,2018,https://boxd.it/gnfO,3
2021-02-17,The Greatest Showman,2017,https://boxd.it/acjI,3.5
2021-02-18,Doctor Strange,2016,https://boxd.it/8MH8,4
2021-02-19,Eurovision Song Contest: The Story of Fire Saga,2020,https://boxd.it/jkMG,3
2021-02-20,De grote dataroof,2019,https://boxd.it/u37I,4
2021-02-21,Black Panther,2018,https://boxd.it/8MHs,4
2021-02-22,Avengers: Infinity War,2018,https://boxd.it/9vEe,4.5
2021-02-23,The Muppets,2011,https://boxd.it/1zg,3.5
2021-02-23,Ant-Man and the Wasp,2018,https://boxd.it/cqUW,3.5
2021-02-25,Captain Marvel,2019,https://boxd.it/9vSA,3.5
2021-02-26,Avengers: Endgame,2019,https://boxd.it/9vE4,5
2021-03-03,Moulin Rouge!,2001,https://boxd.it/29wI,4
2021-03-03,Shrek the Musical,2013,https://boxd.it/dhSk,3.5
2021-03-08,WandaVision,2021,https://boxd.it/sbGW,4
2021-03-08,The Five-Year Engagement,2012,https://boxd.it/2oZU,3.5
2021-03-09,The Hunchback of Notre Dame,1996,https://boxd.it/1VZQ,3.5
2021-03-15,Forgetting Sarah Marshall,2008,https://boxd.it/1XEq,4.5
2021-03-29,Zack Snyder's Justice League,2021,https://boxd.it/tLOk,4.5
2021-04-07,Saving Private Ryan,1998,https://boxd.it/29ro,5
2021-04-07,Batman Begins,2005,https://boxd.it/2aIg,4
2021-04-08,Justice League: The Flashpoint Paradox,2013,https://boxd.it/5yWW,4
2021-04-11,50 First Dates,2004,https://boxd.it/285c,4
2021-04-11,Accepted,2006,https://boxd.it/1XO6,3
2021-04-13,About Time,2013,https://boxd.it/43bI,5
2021-04-14,Saving Mr. Banks,2013,https://boxd.it/4vIq,4
2021-04-16,Godzilla vs. Kong,2021,https://boxd.it/e0qK,3
2021-04-16,Kong: Skull Island,2017,https://boxd.it/9ewM,3
2021-04-19,Rush,2013,https://boxd.it/3lyS,4
2021-04-21,The Departed,2006,https://boxd.it/28MA,4
2021-04-23,The Falcon and the Winter Soldier,2021,https://boxd.it/sbH6,3.5
2021-05-02,The Matrix,1999,https://boxd.it/2a1m,4.5
2021-05-27,The Blind Date,2018,https://boxd.it/pTyc,4
2021-05-27,Pulp Fiction,1994,https://boxd.it/29Pq,4.5
2021-05-30,A Quiet Place Part II,2020,https://boxd.it/iTx0,4
2021-05-30,Rear Window,1954,https://boxd.it/2a6Q,4.5
2021-05-31,Notting Hill,1999,https://boxd.it/2aeK,4
2021-06-07,Old School,2003,https://boxd.it/1TmM,3.5
2021-06-10,Stranger Than Fiction,2006,https://boxd.it/28Za,4
2021-06-14,The Death of Stalin,2017,https://boxd.it/ea9Y,4
2021-06-14,State of Play,2009,https://boxd.it/1JnA,3.5
2021-06-16,The Town,2010,https://boxd.it/1zyS,3.5
2021-06-20,Midnight Special,2016,https://boxd.it/7dmi,3
2021-06-20,Greater,2016,https://boxd.it/dcuM,3
2021-06-22,Mud,2012,https://boxd.it/3wPA,4
2021-06-22,Zombieland,2009,https://boxd.it/1En6,3.5
2021-06-23,I Care a Lot,2020,https://boxd.it/mcHk,1.5
2021-06-25,"Hail, Caesar!",2016,https://boxd.it/881G,4
2021-07-17,Loki,2021,https://boxd.it/sbHg,4.5
2021-07-18,Bo Burnham: Inside,2021,https://boxd.it/v2uy,3
2021-07-25,Spider-Man: Into the Spider-Verse,2018,https://boxd.it/azpY,4.5
2021-08-05,The Green Knight,2021,https://boxd.it/kuy2,3
2021-08-08,Chernobyl,2019,https://boxd.it/mkbG,4.5
2021-08-16,Dunkirk,2017,https://boxd.it/d0Y6,5
2021-08-23,Free Guy,2021,https://boxd.it/k8dm,4
2021-08-28,CODA,2021,https://boxd.it/tbf4,4.5
2021-09-05,Shang-Chi and the Legend of the Ten Rings,2021,https://boxd.it/kLDI,4
2021-09-06,From Russia with Love,1963,https://boxd.it/29T8,3.5
2021-09-08,The Pirates Who Don't Do Anything: A VeggieTales Movie,2008,https://boxd.it/1M5a,3
2021-09-08,Thunderball,1965,https://boxd.it/29SE,2.5
2021-09-08,The Lincoln Lawyer,2011,https://boxd.it/DRM,4
2021-09-08,Black Widow,2021,https://boxd.it/hWV8,3
2021-09-08,Arrival,2016,https://boxd.it/aNGk,3.5
2021-09-08,How Do You Know,2010,https://boxd.it/VMK,2.5
2021-09-09,You Only Live Twice,1967,https://boxd.it/29Rw,3.5
2021-09-11,On Her Majesty's Secret Service,1969,https://boxd.it/29Rm,3
2021-09-12,Diamonds Are Forever,1971,https://boxd.it/29Pg,3
2021-09-12,Freaky,2020,https://boxd.it/ka42,1.5
2021-09-13,Live and Let Die,1973,https://boxd.it/2aLk,2
2021-09-16,The Man with the Golden Gun,1974,https://boxd.it/29P6,3
2021-09-16,The Spy Who Loved Me,1977,https://boxd.it/29NY,4
2021-09-19,A View to a Kill,1985,https://boxd.it/29Lo,2
2021-09-23,The Living Daylights,1987,https://boxd.it/29Le,3
2021-09-26,GoldenEye,1995,https://boxd.it/29KU,3.5
2021-09-27,Tomorrow Never Dies,1997,https://boxd.it/29Kg,3
2021-09-28,The World Is Not Enough,1999,https://boxd.it/1a94,3.5
2021-09-29,Die Another Day,2002,https://boxd.it/1a5G,2
2021-09-30,Casino Royale,2006,https://boxd.it/1alk,4.5
2021-10-05,Quantum of Solace,2008,https://boxd.it/1Vs8,3.5
2021-10-07,Skyfall,2012,https://boxd.it/17Fc,4
2021-10-09,Spectre,2015,https://boxd.it/6bXY,3.5
2021-10-13,No Time to Die,2021,https://boxd.it/cPX2,4.5
2021-10-21,Mission: Impossible – Rogue Nation,2015,https://boxd.it/5rI4,4.5
2021-10-23,Dune,2021,https://boxd.it/fA7G,4.5
2021-10-27,The Last Duel,2021,https://boxd.it/mQbe,4
2021-11-07,Last Night in Soho,2021,https://boxd.it/lbJC,4.5
2021-11-07,Blade Runner 2049,2017,https://boxd.it/b8wK,4.5
2021-11-14,Spencer,2021,https://boxd.it/qPMG,3.5
2021-11-29,Jungle Cruise,2021,https://boxd.it/g4YK,3
2021-12-12,Whiplash,2014,https://boxd.it/7bQA,4.5
2021-12-17,Spider-Man: No Way Home,2021,https://boxd.it/nwRw,5
2021-12-23,Hawkeye,2021,https://boxd.it/xQqK,3.5
2022-01-20,Licorice Pizza,2021,https://boxd.it/qTKY,4.5
2022-01-23,The Tragedy of Macbeth,2021,https://boxd.it/lMi4,3
2022-01-24,The Matrix Resurrections,2021,https://boxd.it/n87k,3
2022-01-29,Dirty Work,1998,https://boxd.it/1NOg,3
2022-02-13,Death on the Nile,2022,https://boxd.it/ifpg,3.5
2022-02-20,Defending Jacob,2020,https://boxd.it/q2VE,3.5
2022-02-23,Uncharted,2022,https://boxd.it/b5Dy,3
2022-02-28,Murder on the Orient Express,2017,https://boxd.it/dHjA,4
2022-03-03,The Batman,2022,https://boxd.it/eDGs,4.5
2022-03-03,American Underdog,2021,https://boxd.it/p4Rs,3
2022-03-06,Edge of Tomorrow,2014,https://boxd.it/4pD0,4
2022-03-08,West Side Story,2021,https://boxd.it/iwt0,3
2022-03-08,The King's Man,2021,https://boxd.it/h714,3
2022-03-13,The Adam Project,2022,https://boxd.it/q2Dg,2.5
2022-03-14,The Suicide Squad,2021,https://boxd.it/fw6O,3.5
2022-03-14,Harry Potter and the Order of the Phoenix,2007,https://boxd.it/29Qe,4
2022-03-24,Belfast,2021,https://boxd.it/tefG,4.5
2022-03-27,The Power of the Dog,2021,https://boxd.it/m99E,4
2022-03-27,Windfall,2022,https://boxd.it/w4Zg,3
2022-03-27,A Futile and Stupid Gesture,2018,https://boxd.it/dGNk,3.5
2022-03-28,The Lost City,2022,https://boxd.it/sg0Q,3
2022-04-03,Harry Potter and the Half-Blood Prince,2009,https://boxd.it/29FU,3
2022-04-04,Harry Potter and the Deathly Hallows: Part 2,2011,https://boxd.it/1RYk,5
2022-04-05,The Worst Person in the World,2021,https://boxd.it/oyws,4
2022-04-06,The Bubble,2022,https://boxd.it/sKAa,2.5
2022-04-09,Sonic the Hedgehog 2,2022,https://boxd.it/pb8O,4
2022-04-11,Everything Everywhere All at Once,2022,https://boxd.it/jUk4,5
2022-04-15,Father Stu,2022,https://boxd.it/usvq,3.5
2022-04-15,Ambulance,2022,https://boxd.it/sFxg,4
2022-04-17,The Prince of Egypt,1998,https://boxd.it/1XGQ,5
2022-04-25,The Northman,2022,https://boxd.it/nK2s,4
2022-04-27,The Unbearable Weight of Massive Talent,2022,https://boxd.it/o6eK,4
2022-05-06,Doctor Strange in the Multiverse of Madness,2022,https://boxd.it/gaTc,4
2022-05-09,Margin Call,2011,https://boxd.it/CJ8,3
2022-05-11,Vertigo,1958,https://boxd.it/2apI,4.5
2022-05-22,Star Wars: Episode I – The Phantom Menace,1999,https://boxd.it/27Vc,3.5
2022-05-23,Men,2022,https://boxd.it/tlc0,1.5
2022-05-23,Begin Again,2013,https://boxd.it/5Ybs,2.5
2022-05-28,Ricky Gervais: SuperNature,2022,https://boxd.it/AKvK,3
2022-06-05,Top Gun: Maverick,2022,https://boxd.it/cjr4,5
2022-06-06,Star Wars: The Rise of Skywalker,2019,https://boxd.it/5xlK,4
2022-06-19,Spiderhead,2022,https://boxd.it/mLsO,3
2022-06-20,Hustle,2022,https://boxd.it/qpig,3.5
2022-06-20,The Hangover,2009,https://boxd.it/1GjK,2.5
2022-06-23,Obi-Wan Kenobi,2022,https://boxd.it/yLBA,3
2022-06-23,Jurassic World Dominion,2022,https://boxd.it/ikXW,2
2022-06-27,Top Gun,1986,https://boxd.it/29JC,4
2022-06-28,Elvis,2022,https://boxd.it/mK4w,4
2022-06-29,Thor,2011,https://boxd.it/1WQU,3
2022-06-30,Looper,2012,https://boxd.it/ham,4
2022-06-30,National Theatre Live: Henry V,2022,https://boxd.it/yRei,3.5
2022-07-01,Thor: The Dark World,2013,https://boxd.it/2DqA,2
2022-07-01,Avengers: Age of Ultron,2015,https://boxd.it/3qi6,3.5
2022-07-05,Zero Dark Thirty,2012,https://boxd.it/3n1w,4
2022-07-14,Thor: Love and Thunder,2022,https://boxd.it/mMAY,3.5
2022-07-24,The Gray Man,2022,https://boxd.it/rb7q,3
2022-07-25,Argo,2012,https://boxd.it/2czU,4
2022-07-25,Nope,2022,https://boxd.it/sDCe,4
2022-07-28,Best Sellers,2021,https://boxd.it/oW0g,2.5
2022-07-28,The Card Counter,2021,https://boxd.it/nTH0,3
2022-07-29,Spy,2015,https://boxd.it/71Ks,3
2022-08-04,Good Kids,2016,https://boxd.it/bQoU,1.5
2022-08-07,Joker,2019,https://boxd.it/h4cS,4
2022-08-10,Bullet Train,2022,https://boxd.it/qW26,3.5
2022-08-10,Vengeance,2022,https://boxd.it/pu7U,4
2022-08-16,Bodies Bodies Bodies,2022,https://boxd.it/iRcE,3.5
2022-08-28,Rogue One: A Star Wars Story,2016,https://boxd.it/aPvy,4.5
2022-08-28,The Nice Guys,2016,https://boxd.it/94Hg,3.5
2022-08-29,Outside In,2017,https://boxd.it/gXfK,2
2022-09-04,Three Thousand Years of Longing,2022,https://boxd.it/kmoy,4
2022-09-11,This Is 40,2012,https://boxd.it/39WI,2.5
2022-09-12,Marcel the Shell with Shoes On,2021,https://boxd.it/wMAk,4
2022-09-15,Fahrenheit 451,1966,https://boxd.it/28fw,3.5
2022-09-20,"Confess, Fletch",2022,https://boxd.it/ra9K,3.5
2022-09-23,See How They Run,2022,https://boxd.it/sNVq,4
2022-10-06,Barbarian,2022,https://boxd.it/yohi,4
2022-10-08,Amsterdam,2022,https://boxd.it/oJ58,1.5
2022-10-24,Black Adam,2022,https://boxd.it/fup0,3
2022-10-29,Nightcrawler,2014,https://boxd.it/780m,3.5
2022-10-30,In Bruges,2008,https://boxd.it/20n8,4
2022-11-05,The Banshees of Inisherin,2022,https://boxd.it/p7XS,4.5
2022-11-06,V for Vendetta,2005,https://boxd.it/29Ik,3
2022-11-15,Black Panther: Wakanda Forever,2022,https://boxd.it/igPu,4
2022-11-17,Caddyshack,1980,https://boxd.it/1SCO,3.5
2022-11-19,The Menu,2022,https://boxd.it/lScm,4
2022-11-26,The Christmas Chronicles,2018,https://boxd.it/ja7e,3
2022-11-26,Glass Onion,2022,https://boxd.it/oCkK,4
2022-11-28,The Shop Around the Corner,1940,https://boxd.it/1DFy,3.5
2022-11-29,Devotion,2022,https://boxd.it/ojcW,3.5
2022-12-03,The Fabelmans,2022,https://boxd.it/ugoM,4
2022-12-10,White Noise,2022,https://boxd.it/rXgK,2.5
2022-12-16,Avatar: The Way of Water,2022,https://boxd.it/2E2E,4
2022-12-19,Gone Girl,2014,https://boxd.it/6hQu,4.5
2022-12-20,Burnt,2015,https://boxd.it/9mVg,2
2022-12-21,The Whale,2022,https://boxd.it/tw4c,4
2022-12-23,Empire of Light,2022,https://boxd.it/uGpm,3
2022-12-24,We're the Millers,2013,https://boxd.it/4srQ,3
2022-12-25,The Nutcracker and the Four Realms,2018,https://boxd.it/f6rw,2
2022-12-25,Spirited,2022,https://boxd.it/nshk,3.5
2023-01-01,Violent Night,2022,https://boxd.it/xXBA,3.5
2023-01-02,Babylon,2022,https://boxd.it/mM02,3
2023-01-14,Role Models,2008,https://boxd.it/1MmK,3
2023-01-14,Lars and the Real Girl,2007,https://boxd.it/21tG,3.5
2023-01-14,Garden State,2004,https://boxd.it/2asW,3
2023-01-27,On the Rocks,2020,https://boxd.it/l8aY,2
2023-01-28,All Quiet on the Western Front,2022,https://boxd.it/H08,4
2023-01-28,Raiders of the Lost Ark,1981,https://boxd.it/2bbs,4.5
2023-02-04,The Pale Blue Eye,2022,https://boxd.it/u8tk,3.5
2023-02-04,A Knight's Tale,2001,https://boxd.it/1YAk,4
2023-02-05,Oblivion,2013,https://boxd.it/2Bzq,4
2023-02-06,Operation Mincemeat,2021,https://boxd.it/oAY4,3
2023-02-06,Road to Perdition,2002,https://boxd.it/24Lo,3.5
2023-02-06,Indiana Jones and the Temple of Doom,1984,https://boxd.it/2bb8,4
2023-02-11,Puss in Boots: The Last Wish,2022,https://boxd.it/aaie,4
2023-02-14,Living,2022,https://boxd.it/syDQ,4
2023-02-17,Ant-Man and the Wasp: Quantumania,2023,https://boxd.it/nL2y,3.5
2023-02-23,Sharper,2023,https://boxd.it/qTXe,3
2023-02-23,Knock at the Cabin,2023,https://boxd.it/npL2,3
2023-02-24,WeCrashed,2022,https://boxd.it/zx6A,3.5
2023-02-26,Cocaine Bear,2023,https://boxd.it/ugw2,3
2023-02-27,There's Something About Mary,1998,https://boxd.it/2aae,4
2023-03-04,Operation Fortune: Ruse de Guerre,2023,https://boxd.it/rJXA,3.5
2023-03-04,A Man Called Otto,2022,https://boxd.it/zl06,3
2023-03-07,Indiana Jones and the Last Crusade,1989,https://boxd.it/2baO,4.5
2023-03-12,65,2023,https://boxd.it/qbus,3
2023-03-18,Chris Rock: Selective Outrage,2023,https://boxd.it/EkOY,4
2023-03-20,Shazam! Fury of the Gods,2023,https://boxd.it/lV0S,3.5
2023-03-22,This Is Where I Leave You,2014,https://boxd.it/73kQ,2
2023-03-24,The Greatest Beer Run Ever,2022,https://boxd.it/m2tC,3.5
2023-03-27,Sebastian Maniscalco: Stay Hungry,2019,https://boxd.it/kOj2,3.5
2023-03-27,John Mulaney: Kid Gorgeous at Radio City,2018,https://boxd.it/iTts,4
2023-04-01,Tetris,2023,https://boxd.it/rePK,4
2023-04-03,John Mulaney: The Comeback Kid,2015,https://boxd.it/cK4w,4
2023-04-03,Dungeons & Dragons: Honor Among Thieves,2023,https://boxd.it/hN1A,4
2023-04-11,The Super Mario Bros. Movie,2023,https://boxd.it/i8C8,3.5
2023-04-11,Air,2023,https://boxd.it/Arlc,4
2023-04-11,The Fast and the Furious,2001,https://boxd.it/1XMu,3
2023-04-15,Insomnia,2002,https://boxd.it/2aB0,4
2023-04-15,Wedding Crashers,2005,https://boxd.it/1Yte,3.5
2023-04-18,2 Fast 2 Furious,2003,https://boxd.it/2a4g,2
2023-04-18,Charlie Wilson's War,2007,https://boxd.it/21yc,2
2023-04-22,The Fast and the Furious: Tokyo Drift,2006,https://boxd.it/1Yeo,2
2023-04-24,Ghosted,2023,https://boxd.it/wL1e,2
2023-04-25,Fast & Furious,2009,https://boxd.it/1Pnm,2.5
2023-04-26,Suzume,2022,https://boxd.it/yv7Y,4.5
2023-05-01,John Mulaney: Baby J,2023,https://boxd.it/FlAA,4.5
2023-05-08,Guardians of the Galaxy Vol. 3,2023,https://boxd.it/fVNI,4.5
2023-05-09,Ford v Ferrari,2019,https://boxd.it/ce74,4.5
2023-05-11,Guy Ritchie's The Covenant,2023,https://boxd.it/xjcK,4
2023-05-15,Fast Five,2011,https://boxd.it/BgO,3.5
2023-05-17,WarGames,1983,https://boxd.it/29qU,3.5
2023-05-18,Fast & Furious 6,2013,https://boxd.it/2UG6,3
2023-05-19,Furious 7,2015,https://boxd.it/5cVs,3
2023-05-20,The Fate of the Furious,2017,https://boxd.it/bbCw,2.5
2023-05-23,F9,2021,https://boxd.it/dqsU,2.5
2023-05-23,Fast X,2023,https://boxd.it/drIu,3
2023-05-28,About My Father,2023,https://boxd.it/vfcC,3
2023-05-29,Sleepless in Seattle,1993,https://boxd.it/29re,3.5
2023-05-30,My Big Fat Greek Wedding,2002,https://boxd.it/20k4,3
2023-05-31,My Big Fat Greek Wedding 2,2016,https://boxd.it/9DE2,3
2023-06-05,The Machine,2023,https://boxd.it/o2IG,2.5
2023-06-12,The Grand Budapest Hotel,2014,https://boxd.it/3ZqO,4
2023-06-18,The Flash,2023,https://boxd.it/9twC,3
2023-06-20,The Philadelphia Story,1940,https://boxd.it/29a8,4
2023-06-23,Transformers: Rise of the Beasts,2023,https://boxd.it/oQTa,2
2023-06-25,Asteroid City,2023,https://boxd.it/s3ds,4
2023-07-02,Indiana Jones and the Dial of Destiny,2023,https://boxd.it/b8vM,3
2023-07-02,Indiana Jones and the Kingdom of the Crystal Skull,2008,https://boxd.it/2aR8,2.5
2023-07-04,The Man from U.N.C.L.E.,2015,https://boxd.it/67lG,3.5
2023-07-10,A Bug's Life,1998,https://boxd.it/1Yyy,4
2023-07-15,The Shawshank Redemption,1994,https://boxd.it/2aHi,4.5
2023-07-18,Spider-Man: Across the Spider-Verse,2023,https://boxd.it/kSz4,4.5
2023-07-21,Oppenheimer,2023,https://boxd.it/wUow,5
2023-07-24,Barbie,2023,https://boxd.it/bCLK,3.5
2023-08-20,Mission: Impossible – Dead Reckoning,2023,https://boxd.it/l7zS,4.5
2023-08-22,Bohemian Rhapsody,2018,https://boxd.it/f1TK,3.5
2023-08-27,Grumpy Old Men,1993,https://boxd.it/1TEQ,3.5
2023-08-27,Grumpier Old Men,1995,https://boxd.it/1LTo,3
2023-09-12,The Equalizer 3,2023,https://boxd.it/yU54,3
2023-09-15,A Haunting in Venice,2023,https://boxd.it/zGdg,3.5
2023-09-17,My Big Fat Greek Wedding 3,2023,https://boxd.it/BRkQ,3
2023-09-22,Spider-Man: Homecoming,2017,https://boxd.it/aboM,4.5
2023-09-22,Spider-Man 2,2004,https://boxd.it/2a88,4
2023-09-24,Harry Potter and the Philosopher's Stone,2001,https://boxd.it/29QS,4
2023-09-26,The Amazing Spider-Man 2,2014,https://boxd.it/3utM,3
2023-09-26,Shane Gillis: Beautiful Dogs,2023,https://boxd.it/Ijri,4
2023-09-30,The Amazing Spider-Man,2012,https://boxd.it/27PI,2.5
2023-09-30,The Creator,2023,https://boxd.it/oXWq,3.5
2023-10-06,Ahsoka,2023,https://boxd.it/IhEE,3
2023-10-08,Dumb Money,2023,https://boxd.it/tNdU,3
2023-10-28,Five Nights at Freddy's,2023,https://boxd.it/ikHu,2.5
2023-10-29,Killers of the Flower Moon,2023,https://boxd.it/gHp0,4
2023-10-29,Harry Potter and the Prisoner of Azkaban,2004,https://boxd.it/29Qy,4.5
2023-10-29,Manchester by the Sea,2016,https://boxd.it/b2L0,3.5
2023-10-30,Dirty Dancing,1987,https://boxd.it/2baY,4
2023-11-06,The Holdovers,2023,https://boxd.it/vHza,4.5
2023-11-07,Emily the Criminal,2022,https://boxd.it/wBOq,2.5
2023-11-11,Pokémon Detective Pikachu,2019,https://boxd.it/fVA0,4
2023-11-14,The Marvels,2023,https://boxd.it/mwU4,2
2023-11-18,The Dark Knight,2008,https://boxd.it/2b0k,5
2023-11-20,The Hunger Games: The Ballad of Songbirds & Snakes,2023,https://boxd.it/pZCY,3
2023-11-22,No Hard Feelings,2023,https://boxd.it/xouu,3
2023-11-30,Napoleon,2023,https://boxd.it/shJM,3.5
2023-12-05,Dream Scenario,2023,https://boxd.it/v2h0,3
2023-12-07,Monty Python and the Holy Grail,1975,https://boxd.it/29GI,4
2023-12-09,Silent Night,2023,https://boxd.it/xEF4,3
2023-12-09,Home Alone,1990,https://boxd.it/29Fg,4
2023-12-11,Four Christmases,2008,https://boxd.it/1SjM,2.5
2023-12-11,Fred Claus,2007,https://boxd.it/236O,3
2023-12-11,Die Hard,1988,https://boxd.it/2a7u,4.5
2023-12-14,The Boy and the Heron,2023,https://boxd.it/ipeM,4
2023-12-15,Snatch,2000,https://boxd.it/2b7U,4
2023-12-17,Wonka,2023,https://boxd.it/tCQm,4
2023-12-23,Godzilla Minus One,2023,https://boxd.it/zu4c,4.5
2023-12-27,Mission: Impossible,1996,https://boxd.it/29d2,3.5
2023-12-27,Mission: Impossible II,2000,https://boxd.it/29cS,1.5
2023-12-28,Knight and Day,2010,https://boxd.it/17po,2.5
2023-12-30,The Family Plan,2023,https://boxd.it/CWsi,2
2024-01-01,Dave Chappelle: The Dreamer,2023,https://boxd.it/K7vm,4
2024-01-06,Pretty Woman,1990,https://boxd.it/2b6M,3.5
2024-01-14,The Beekeeper,2024,https://boxd.it/wJzS,3
2024-01-20,The Book of Clarence,2023,https://boxd.it/ASQ2,3.5
2024-01-23,The Iron Claw,2023,https://boxd.it/w5Pm,4
2024-01-28,American Fiction,2023,https://boxd.it/DYHm,4
2024-01-30,Captain America: The Winter Soldier,2014,https://boxd.it/3r58,4.5
2024-02-03,La La Land,2016,https://boxd.it/a5fa,5
2024-02-05,Moneyball,2011,https://boxd.it/glS,4.5
2024-02-08,Argylle,2024,https://boxd.it/w1kk,2
2024-02-10,Dan in Real Life,2007,https://boxd.it/218y,3.5
2024-02-18,Apollo 13,1995,https://boxd.it/2a6G,4.5
2024-02-20,The Boys in the Boat,2023,https://boxd.it/v1OC,4
2024-02-26,Dune: Part Two,2024,https://boxd.it/pUfA,5
2024-02-29,The Lighthouse,2019,https://boxd.it/icFU,3.5
2024-03-17,Inception,2010,https://boxd.it/1skk,4.5
2024-03-19,Gran Turismo,2023,https://boxd.it/B2lS,3.5
2024-03-24,Going the Distance,2010,https://boxd.it/16Pq,2.5
2024-03-26,Blast from the Past,1999,https://boxd.it/1ToS,3.5
2024-04-01,The Passion of the Christ,2004,https://boxd.it/29ZK,5
2024-04-14,Civil War,2024,https://boxd.it/z1jW,3.5
2024-04-15,Silence,2016,https://boxd.it/2cAo,4.5
2024-04-20,Captain America: The First Avenger,2011,https://boxd.it/28b0,3.5
2024-04-26,Draft Day,2014,https://boxd.it/61XO,2.5
2024-04-29,Captain America: Civil War,2016,https://boxd.it/89Ja,4
2024-05-01,The Ministry of Ungentlemanly Warfare,2024,https://boxd.it/u5zu,3.5
2024-05-05,Anyone But You,2023,https://boxd.it/EzA8,3
2024-05-05,Challengers,2024,https://boxd.it/zld0,3.5
2024-05-06,The Fall Guy,2024,https://boxd.it/s0Bm,4
2024-05-12,How to Lose a Guy in 10 Days,2003,https://boxd.it/1XwG,2.5
2024-05-13,Uptown Girls,2003,https://boxd.it/1N64,3
2024-05-21,The Imitation Game,2014,https://boxd.it/6aig,3.5
2024-05-23,Kingdom of the Planet of the Apes,2024,https://boxd.it/ohEE,3.5
2024-05-23,Dawn of the Planet of the Apes,2014,https://boxd.it/3XyQ,4.5
2024-05-23,War for the Planet of the Apes,2017,https://boxd.it/8FE2,4.5
2024-05-28,Mad Max: Fury Road,2015,https://boxd.it/2DjO,4.5
2024-05-30,Furiosa: A Mad Max Saga,2024,https://boxd.it/tABk,4.5
2024-06-01,Jack Reacher,2012,https://boxd.it/2BUo,3
2024-06-10,Hit Man,2023,https://boxd.it/ANB2,3.5
2024-06-16,Maggie Moore(s),2023,https://boxd.it/u7aG,3
2024-06-29,Kick-Ass,2010,https://boxd.it/1zaQ,3.5
2024-06-30,A Quiet Place,2018,https://boxd.it/fVJQ,4.5
2024-06-30,A Quiet Place: Day One,2024,https://boxd.it/sDAi,4
2024-07-05,National Treasure,2004,https://boxd.it/27x0,4
2024-07-06,Hamilton,2020,https://boxd.it/kmvE,4.5
2024-07-07,Sleeping with Other People,2015,https://boxd.it/8WPm,3.5
2024-07-07,Chef,2014,https://boxd.it/6lCG,4
2024-07-21,2001: A Space Odyssey,1968,https://boxd.it/2bf0,5
2024-07-22,Twisters,2024,https://boxd.it/qV7a,4
2024-07-28,Logan,2017,https://boxd.it/7Piy,4
2024-07-29,Deadpool,2016,https://boxd.it/9fOC,4
2024-07-29,Deadpool 2,2018,https://boxd.it/dlLM,4
2024-07-29,Deadpool & Wolverine,2024,https://boxd.it/jq8s,3.5
2024-07-29,Fly Me to the Moon,2024,https://boxd.it/A7Xg,3
2024-08-11,The Incredibles,2004,https://boxd.it/1XLm,4.5
2024-08-16,Rise of the Planet of the Apes,2011,https://boxd.it/cS4,3.5
2024-08-24,Lincoln,2012,https://boxd.it/2n2s,4.5
2024-09-02,Crazy Rich Asians,2018,https://boxd.it/gfnK,4
2024-09-15,Just Go with It,2011,https://boxd.it/Doq,3
2024-09-15,Robin Hood: Men in Tights,1993,https://boxd.it/20H8,3.5
2024-09-15,The Big Year,2011,https://boxd.it/2wWE,3
2024-09-23,Friends with Benefits,2011,https://boxd.it/DoK,3
2024-10-01,Megalopolis,2024,https://boxd.it/lPBS,3
2024-10-05,The Truman Show,1998,https://boxd.it/18U8,5
2024-10-07,Game Night,2018,https://boxd.it/fRtu,3.5
2024-10-08,Joker: Folie à Deux,2024,https://boxd.it/xBoE,2.5
2024-10-12,Transformers One,2024,https://boxd.it/q7bc,3.5
2024-10-14,Wolfs,2024,https://boxd.it/x6zG,3.5
2024-10-14,Hot Fuzz,2007,https://boxd.it/2416,4.5
2024-10-16,We Live in Time,2024,https://boxd.it/FC5u,4
2024-10-16,The Wild Robot,2024,https://boxd.it/IWFy,4.5
2024-10-19,Saturday Night,2024,https://boxd.it/Gpfo,4
2024-10-27,E.T. the Extra-Terrestrial,1982,https://boxd.it/2a1G,5
2024-10-27,Your Monster,2024,https://boxd.it/FwOI,3
2024-11-01,Shaun of the Dead,2004,https://boxd.it/29J8,4
2024-11-02,The Big Lebowski,1998,https://boxd.it/2b6C,5
2024-11-03,Juror #2,2024,https://boxd.it/FRwU,3.5
2024-11-03,John Wick: Chapter 2,2017,https://boxd.it/ayGu,4
2024-11-03,10 Cloverfield Lane,2016,https://boxd.it/aZiu,4
2024-11-04,Memento,2000,https://boxd.it/2bcK,4
2024-11-10,Anora,2024,https://boxd.it/Egcw,4.5
2024-11-19,A Real Pain,2024,https://boxd.it/CjNG,4
2024-11-26,Gladiator,2000,https://boxd.it/2b9m,4.5
2024-11-28,The Secret Life of Walter Mitty,2013,https://boxd.it/3SWy,4.5
2024-11-30,Gladiator II,2024,https://boxd.it/kqQQ,3.5
2024-12-09,Y2K,2024,https://boxd.it/FnHI,3.5
2024-12-25,The Polar Express,2004,https://boxd.it/23am,4
2024-12-26,The Santa Clause,1994,https://boxd.it/1TWK,3.5
2024-12-26,Carry-On,2024,https://boxd.it/C0B2,2.5
2024-12-28,Sonic the Hedgehog 3,2024,https://boxd.it/zq0U,3.5
2025-01-03,A Complete Unknown,2024,https://boxd.it/oBYa,4
2025-01-05,The Lord of the Rings: The War of the Rohirrim,2024,https://boxd.it/vDNs,3
2025-01-05,Mission: Impossible III,2006,https://boxd.it/29cI,4
2025-01-05,Nosferatu,2024,https://boxd.it/f5eG,4
2025-01-12,Mission: Impossible – Ghost Protocol,2011,https://boxd.it/psI,3.5
2025-01-20,Thor: Ragnarok,2017,https://boxd.it/8MHi,4
2025-01-20,Mission: Impossible – Fallout,2018,https://boxd.it/bSVc,4.5
2025-01-24,The Brutalist,2024,https://boxd.it/k4BO,3.5
2025-01-30,Presence,2024,https://boxd.it/H88i,4
2025-02-03,Paddington,2014,https://boxd.it/3RKw,3.5
2025-02-03,Paddington 2,2017,https://boxd.it/bCF8,4.5
2025-02-09,"Three Billboards Outside Ebbing, Missouri",2017,https://boxd.it/ceBS,4
2025-02-11,Love Hurts,2025,https://boxd.it/KyBc,2.5
2025-02-17,The Gorge,2025,https://boxd.it/zRqK,3
2025-02-22,Paddington in Peru,2024,https://boxd.it/iJve,4
2025-02-23,Meet the Parents,2000,https://boxd.it/28vE,3.5
2025-02-24,Meet the Fockers,2004,https://boxd.it/29NE,3
2025-03-10,Mickey 17,2025,https://boxd.it/q1Dk,2.5
2025-03-19,Novocaine,2025,https://boxd.it/JmdA,3.5
2025-04-01,Princess Mononoke,1997,https://boxd.it/2b4w,4.5
2025-04-03,Black Bag,2025,https://boxd.it/KRbM,4
2025-04-07,The Amateur,2025,https://boxd.it/F9NW,3
2025-04-14,Good Will Hunting,1997,https://boxd.it/2ahY,4
2025-04-16,The King of Kings,2025,https://boxd.it/INig,3
2025-04-16,Warfare,2025,https://boxd.it/LbRo,4.5
2025-04-19,Rope,1948,https://boxd.it/28yo,4
2025-04-22,Sinners,2025,https://boxd.it/KQMM,5
2025-05-01,Star Wars: Episode III – Revenge of the Sith,2005,https://boxd.it/27US,4
2025-05-03,Thunderbolts*,2025,https://boxd.it/BfbQ,4
2025-05-10,Conclave,2024,https://boxd.it/AO8q,3
2025-05-11,Baby Driver,2017,https://boxd.it/bhF2,4.5
2025-05-17,Twister,1996,https://boxd.it/29S0,3.5
2025-05-19,Jurassic Park,1993,https://boxd.it/2aA2,5
2025-05-25,Mission: Impossible – The Final Reckoning,2025,https://boxd.it/l7A2,4
2025-05-25,Fountain of Youth,2025,https://boxd.it/Fwx8,2
2025-05-26,"Crazy, Stupid, Love.",2011,https://boxd.it/D9A,3
2025-05-27,Lilo & Stitch,2025,https://boxd.it/kbUe,3.5
2025-05-27,Friendship,2024,https://boxd.it/L6Dc,3.5
2025-05-27,Fury,2014,https://boxd.it/6JwC,4
2025-05-27,Hacksaw Ridge,2016,https://boxd.it/azew,4.5
2025-06-07,John Wick: Chapter 3 – Parabellum,2019,https://boxd.it/gmFw,4
2025-06-09,Ballerina,2025,https://boxd.it/jKqG,3.5
2025-06-09,The Phoenician Scheme,2025,https://boxd.it/H0Ca,4
2025-06-14,Past Lives,2023,https://boxd.it/oNB8,4
2025-06-15,Materialists,2025,https://boxd.it/GZlW,3
2025-06-15,Super 8,2011,https://boxd.it/dVI,3.5
2025-06-16,Casablanca,1942,https://boxd.it/2aG0,5
2025-06-22,Ocean's Eleven,2001,https://boxd.it/2aZm,4.5
2025-06-23,Ocean's Twelve,2004,https://boxd.it/2aZ2,3.5
2025-06-23,Jaws,1975,https://boxd.it/2a5e,5
2025-06-25,F1,2025,https://boxd.it/yjVM,4.5
2025-06-25,28 Years Later,2025,https://boxd.it/FEGM,4
2025-07-06,Grown Ups,2010,https://boxd.it/169a,3
2025-07-09,Jurassic World Rebirth,2025,https://boxd.it/KUeE,3
2025-07-12,Superman,2025,https://boxd.it/E9IU,4
2025-07-20,Eddington,2025,https://boxd.it/o6MC,3.5
2025-07-27,The Fantastic Four: First Steps,2025,https://boxd.it/mP6C,3.5
2025-07-27,Captain America: Brave New World,2025,https://boxd.it/uYDm,2.5
2025-07-28,Happy Gilmore,1996,https://boxd.it/1Yey,3.5
2025-07-28,Happy Gilmore 2,2025,https://boxd.it/M8PQ,3
